https://opendata.cbs.nl/statline/#/CBS/nl/dataset/81734NED/table?ts=1577105596483,,,,,,,,,,,,,,,,,,,,,,,,,,,,,,,,,,,,,,,,,,,,,,,,,,,,,,,,,,,,,,,,,,,,
2011 tussen gemeenten verhuisde personen,regio van vestiging,,,,,,,,,,,,,,,,,,,,,,,,,,,,,,,,,,,,,,,,,,,,,,,,,,,,,,,,,,,,,,,,,,,
,Gemeentes,Aa en Hunze,Achtkarspelen,Ameland,Appingedam,Assen,Bedum,Bellingwedde,het Bildt,Boarnsterhim,Ten Boer,Borger-Odoorn,Coevorden,Dantumadiel,Delfzijl,Dongeradeel,Eemsmond,Emmen,Ferwerderadiel,Franekeradeel,De Friese Meren,De Fryske Marren,Gaasterlân-Sleat,Groningen,Grootegast,Haren,Harlingen,Heerenveen,Hoogeveen,Hoogezand-Sappemeer,Kollumerland en Nieuwkruisland,Leek,Leeuwarden,Leeuwarderadeel,Lemsterland,Littenseradiel,Loppersum,De Marne,Marum,Menameradiel,Menterwolde,Meppel,Midden-Drenthe,Midden-Groningen,Noordenveld,Oldambt,Ooststellingwerf,Opsterland,Pekela,Schiermonnikoog,Skarsterlân,Slochteren,Smallingerland,Stadskanaal,Súdwest-Fryslân,Terschelling,Tynaarlo,Tytsjerksteradiel,Veendam,Vlagtwedde,Vlieland,Waadhoeke,Westerveld,Westerwolde,Weststellingwerf,Winsum,De Wolden,Zuidhorn
regio van aankomst,Aa en Hunze,,3,0,3,144,0,5,1,0,0,52,9,0,5,0,3,24,0,0,,,0,208,1,10,0,2,15,6,1,3,8,0,0,0,0,2,0,0,4,8,23,,16,27,2,0,10,0,1,4,4,74,9,0,63,0,54,7,0,,1,,0,2,4,1
,Achtkarspelen,0,,1,0,1,1,0,4,3,0,0,0,51,1,25,0,2,6,2,,,1,80,51,0,9,14,4,0,70,8,76,2,1,2,0,2,5,3,0,2,2,,7,2,21,30,2,1,8,0,124,1,15,2,3,69,1,1,1,,1,,2,1,1,7
,Ameland,0,3,,1,0,1,0,1,0,0,0,1,3,0,5,0,2,1,2,,,0,5,0,0,0,0,1,0,0,0,49,2,0,2,0,0,0,1,0,0,0,,3,1,0,0,0,0,1,0,2,0,1,0,0,6,0,0,0,,0,,0,0,0,0
,Appingedam,0,0,0,,9,7,1,0,1,8,2,1,0,182,0,5,6,1,0,,,0,61,2,7,0,0,2,7,0,5,6,0,0,0,15,3,1,0,5,0,0,,0,13,0,0,5,0,0,11,1,3,1,2,5,0,6,3,0,,0,,1,2,0,0
,Assen,123,3,0,10,,5,12,1,1,0,37,19,1,5,4,4,76,2,4,,,0,512,5,21,4,16,59,24,3,20,40,0,0,0,5,3,3,1,5,29,211,,85,17,58,8,8,0,1,9,14,29,7,2,122,5,14,7,0,,15,,0,12,15,10
,Bedum,3,2,2,3,4,,0,0,0,13,0,0,0,9,0,13,3,1,0,,,0,159,3,8,0,1,2,6,1,7,2,0,0,0,7,11,2,0,1,1,3,,9,8,4,1,1,0,0,6,5,1,1,2,7,0,6,2,0,,2,,0,14,0,13
,Bellingwedde,3,0,0,3,7,0,,0,0,0,8,3,0,3,0,2,16,0,0,,,0,56,0,1,0,0,1,4,0,1,2,1,1,0,0,0,2,0,4,2,0,,1,124,0,0,44,0,0,4,0,38,2,0,5,2,13,32,0,,1,,0,1,0,0
,het Bildt,1,2,0,0,2,0,0,,4,0,0,1,2,0,9,0,3,29,49,,,0,16,2,5,17,23,5,1,5,0,90,27,0,1,0,0,1,44,0,0,1,,1,0,1,2,0,1,8,0,9,1,13,2,2,11,0,12,1,,1,,3,0,0,0
,Boarnsterhim,1,1,2,0,1,0,0,0,,0,1,2,3,1,4,0,0,1,17,,,2,52,2,1,9,83,0,0,2,2,150,7,1,31,0,0,1,7,0,2,1,,1,1,2,32,1,1,32,1,34,0,62,7,0,26,1,0,2,,3,,10,1,0,0
,Ten Boer,5,0,0,17,7,9,0,0,0,,2,0,0,12,2,8,5,0,1,,,0,135,0,3,1,1,2,5,0,5,0,0,0,0,32,8,2,0,0,0,2,,16,6,1,0,0,0,0,16,1,2,0,0,1,0,0,1,0,,0,,0,4,1,3
,Borger-Odoorn,54,0,4,1,35,0,5,0,0,1,,34,2,1,1,3,175,0,2,,,0,136,1,3,2,2,6,7,4,2,5,0,0,0,0,0,2,1,4,2,15,,7,11,5,1,10,0,2,1,1,207,6,1,8,1,12,41,0,,3,,0,0,2,2
,Coevorden,17,2,1,1,25,0,0,1,0,0,57,,1,2,0,0,399,0,0,,,0,121,0,3,0,8,65,3,2,1,6,0,0,0,0,1,0,0,0,8,38,,9,10,0,1,2,0,1,2,5,20,7,1,6,2,25,31,0,,8,,2,1,10,2
,Dantumadiel,1,58,2,0,0,0,0,2,8,0,0,0,,2,111,3,0,7,0,,,2,43,1,0,8,8,1,0,51,0,89,4,0,1,0,0,0,4,0,0,0,,1,0,0,11,0,1,2,6,36,0,6,0,0,86,0,0,0,,0,,0,3,0,1
,Delfzijl,7,2,6,238,8,16,2,0,2,9,1,4,3,,1,33,15,0,2,,,0,209,1,8,1,2,4,12,0,2,12,0,0,0,34,6,0,4,12,0,1,,1,69,0,3,6,4,1,38,7,8,3,4,11,0,16,22,0,,2,,0,5,0,2
,Dongeradeel,0,16,5,0,1,0,0,6,5,0,1,1,88,1,,0,0,39,11,,,0,75,12,0,7,8,0,1,43,4,132,3,2,2,1,5,1,6,0,1,2,,0,1,2,5,1,3,1,0,24,0,9,1,3,39,0,0,1,,0,,2,2,1,1
,Eemsmond,12,0,3,15,8,15,0,0,0,16,4,0,0,39,0,,1,0,5,,,0,144,0,1,0,1,5,11,2,4,10,0,0,0,37,7,1,0,4,4,3,,4,10,1,3,1,1,0,6,6,4,5,0,4,7,9,4,0,,0,,1,40,0,0
,Emmen,38,2,1,5,83,0,3,1,0,2,165,331,0,9,2,1,,0,5,,,0,398,1,10,2,8,92,6,1,2,50,1,5,0,4,2,0,0,6,24,34,,30,25,6,3,5,0,5,7,15,71,10,1,30,1,23,112,2,,3,,7,1,16,5
,Ferwerderadiel,0,8,0,0,1,0,0,8,7,0,2,0,19,1,40,0,3,,6,,,0,12,0,0,4,1,0,0,7,0,78,30,1,2,1,0,0,7,0,0,0,,4,0,1,2,2,0,3,0,19,1,2,0,0,17,0,2,1,,0,,1,0,0,0
,Franekeradeel,1,7,1,0,5,0,0,51,18,1,6,1,1,0,13,0,6,12,,,,4,62,0,0,94,17,3,6,1,0,118,11,1,28,0,1,2,45,2,5,0,,0,3,5,9,0,0,4,1,18,1,81,6,7,28,0,2,3,,4,,6,0,4,0
,De Friese Meren,,,,,,,,,,,,,,,,,,,,,,,,,,,,,,,,,,,,,,,,,,,,,,,,,,,,,,,,,,,,,,,,,,,
,De Fryske Marren,,,,,,,,,,,,,,,,,,,,,,,,,,,,,,,,,,,,,,,,,,,,,,,,,,,,,,,,,,,,,,,,,,,
,Gaasterlân-Sleat,0,1,0,0,1,0,0,2,3,0,0,0,0,0,0,0,2,0,1,,,,37,0,1,0,9,0,0,0,0,25,0,20,1,0,1,0,2,0,1,0,,0,0,0,3,0,0,38,0,5,0,87,2,0,4,0,0,1,,2,,4,0,0,0
,Groningen,167,52,11,58,366,145,18,14,36,217,58,63,22,116,49,89,235,10,22,,,10,,33,480,22,115,90,287,27,207,295,16,20,16,86,59,43,18,46,59,106,,348,146,55,86,25,4,66,205,162,89,156,11,572,51,149,57,2,,33,,37,145,40,295
,Grootegast,0,33,2,1,6,2,1,0,0,0,5,1,1,3,4,1,2,2,0,,,0,80,,3,0,0,0,2,1,36,6,1,1,0,0,0,34,0,3,0,0,,28,1,4,6,3,2,0,0,12,1,0,0,4,0,1,0,0,,1,,0,1,0,39
,Haren,19,1,0,2,28,7,0,0,2,4,2,1,0,4,0,2,8,0,0,,,0,397,4,,0,1,0,23,1,7,7,0,3,0,2,2,3,0,9,0,3,,23,2,1,6,0,0,1,11,3,3,2,2,78,1,3,0,0,,0,,0,6,4,0
,Harlingen,0,3,2,1,0,3,0,10,8,0,0,0,1,0,7,0,4,0,61,,,0,39,0,2,,5,0,2,0,0,95,8,2,5,1,1,0,13,1,0,0,,3,0,3,2,0,0,5,0,7,0,55,11,0,4,1,1,9,,2,,4,0,1,0
,Heerenveen,1,7,2,0,13,0,2,0,51,0,0,0,8,1,1,0,11,4,6,,,11,188,0,0,13,,6,2,1,11,130,2,26,7,1,2,2,3,0,3,4,,3,2,34,142,0,0,152,1,87,2,48,2,7,25,4,2,1,,13,,112,0,0,0
,Hoogeveen,16,2,0,1,65,1,2,0,0,0,6,69,1,7,2,2,66,2,1,,,0,139,1,0,0,2,,11,0,3,24,1,0,0,0,0,2,0,0,43,88,,19,10,4,0,1,0,0,1,8,11,6,3,7,2,9,7,0,,18,,1,0,182,1
,Hoogezand-Sappemeer,15,2,2,5,35,10,4,0,1,2,5,0,0,49,3,3,22,0,3,,,0,307,2,11,2,2,17,,3,40,12,1,0,0,10,3,3,0,59,3,10,,9,53,3,1,12,0,4,84,1,20,7,3,43,1,71,15,0,,0,,2,2,3,6
,Kollumerland en Nieuwkruisland,1,52,0,0,2,1,0,2,0,0,1,2,68,2,36,1,4,6,0,,,0,64,9,0,0,5,0,1,,3,53,6,0,3,0,3,4,3,0,0,0,,2,3,0,2,1,0,1,1,18,2,6,1,1,21,4,1,1,,1,,3,3,4,11
,Leek,4,9,1,3,19,4,2,0,0,1,4,2,0,10,0,7,3,0,0,,,0,267,35,5,1,2,2,15,0,,14,1,0,0,3,1,67,1,2,1,1,,117,17,21,14,7,0,0,2,29,1,7,1,13,2,10,3,0,,0,,3,3,0,34
,Leeuwarden,8,69,43,3,33,3,7,47,157,2,4,13,61,9,82,6,34,27,129,,,21,362,2,9,61,135,26,14,38,13,,146,21,64,3,6,1,119,3,22,13,,18,16,35,80,4,0,34,1,204,8,220,26,38,309,7,11,14,,12,,30,12,12,9
,Leeuwarderadeel,0,0,4,0,1,1,0,15,11,0,0,0,6,0,8,0,5,24,11,,,0,35,4,1,4,10,0,0,5,0,177,,1,3,0,0,0,13,0,0,0,,3,0,1,2,0,0,2,0,4,0,10,0,0,14,0,0,1,,0,,0,2,0,0
,Lemsterland,0,1,0,0,0,0,0,0,5,0,0,0,0,0,1,1,2,0,1,,,25,39,0,0,0,34,1,3,0,0,26,1,,0,0,0,0,0,0,1,0,,2,1,0,11,0,0,38,0,4,0,47,0,4,2,0,0,0,,0,,14,0,0,4
,Littenseradiel,0,1,0,1,1,1,0,4,20,0,0,0,0,1,0,0,0,4,26,,,0,40,0,0,5,10,0,0,1,0,71,3,0,,0,0,0,18,0,0,0,,0,2,3,7,0,0,15,0,6,0,126,2,0,2,0,0,1,,0,,0,0,1,1
,Loppersum,0,0,1,45,8,18,1,0,0,20,6,2,1,51,0,45,1,0,0,,,0,109,0,2,1,0,1,1,0,1,5,0,0,0,,3,1,5,1,1,4,,3,6,2,0,1,0,0,9,4,4,2,0,9,1,2,0,0,,0,,0,18,0,6
,De Marne,8,4,1,3,3,6,0,0,0,2,0,0,0,11,16,27,0,1,0,,,1,76,0,5,6,4,0,8,3,2,11,1,0,0,5,,1,0,1,0,0,,3,2,0,1,1,0,0,4,0,0,1,0,1,3,2,1,0,,0,,0,51,1,18
,Marum,1,19,0,0,10,0,0,0,0,0,2,0,0,0,0,0,5,0,1,,,1,73,45,0,0,4,1,6,5,65,6,0,0,0,0,1,,0,2,1,1,,29,7,9,18,0,0,0,1,32,2,2,1,7,7,1,1,0,,0,,0,0,1,9
,Menameradiel,1,10,0,0,0,0,0,54,5,0,0,1,1,0,3,0,2,6,43,,,0,25,0,0,20,2,0,1,3,0,170,13,6,9,1,0,0,,0,0,0,,2,0,4,5,0,0,1,0,14,0,20,6,0,8,1,0,0,,0,,1,1,0,1
,Menterwolde,7,0,1,6,3,2,4,0,0,7,12,0,0,7,0,2,7,0,0,,,0,77,4,2,0,1,1,62,1,1,5,0,0,0,0,1,0,0,,1,2,,2,46,0,0,13,0,0,14,0,9,1,0,5,0,94,12,0,,1,,1,0,0,2
,Meppel,3,1,0,0,31,0,0,0,2,0,6,4,0,0,0,0,20,2,0,,,0,98,0,0,0,6,47,0,0,2,21,0,1,0,1,0,1,0,1,,15,,0,3,3,0,0,1,1,2,0,0,6,1,2,1,2,2,0,,63,,3,0,139,0
,Midden-Drenthe,25,0,0,0,238,3,2,0,6,1,21,20,0,0,1,0,25,0,0,,,2,150,1,0,1,7,88,6,1,3,6,0,0,0,1,1,5,0,0,10,,,11,5,38,0,0,0,2,3,3,6,5,1,14,2,7,9,0,,12,,4,1,31,2
,Midden-Groningen,,,,,,,,,,,,,,,,,,,,,,,,,,,,,,,,,,,,,,,,,,,,,,,,,,,,,,,,,,,,,,,,,,,
,Noordenveld,16,3,1,2,87,4,1,2,0,3,2,0,1,2,2,1,18,0,1,,,0,320,9,23,2,0,12,17,4,94,18,1,0,1,6,10,20,1,3,5,17,,,7,29,10,2,0,1,0,13,10,6,0,37,4,5,9,1,,5,,3,3,2,7
,Oldambt,15,3,1,7,43,3,86,2,0,3,4,1,0,69,3,11,21,0,0,,,1,290,3,10,1,1,9,57,0,11,17,1,0,1,11,0,2,0,51,3,3,,10,,2,7,139,0,1,15,4,60,8,1,24,1,91,31,3,,3,,1,7,2,4
,Ooststellingwerf,4,14,2,1,54,1,0,0,7,0,1,5,2,0,2,0,13,3,5,,,1,97,3,1,3,46,4,2,4,35,45,2,2,1,0,3,5,4,0,8,58,,24,0,,65,0,0,8,0,62,2,4,0,8,15,2,1,0,,12,,49,0,3,2
,Opsterland,1,25,1,0,5,0,0,2,28,0,1,0,4,0,9,1,4,1,6,,,0,139,6,10,4,138,2,3,12,13,67,4,3,7,0,1,20,8,1,7,1,,23,6,69,,1,0,21,1,265,1,25,1,2,16,1,0,1,,6,,15,1,3,0
,Pekela,9,0,0,8,10,3,43,1,2,1,8,3,3,12,1,1,12,1,1,,,0,67,2,1,0,0,1,16,1,1,8,0,3,0,2,1,0,0,16,0,1,,5,134,0,0,,0,0,8,2,47,1,0,8,0,70,27,0,,0,,2,0,0,1
,Schiermonnikoog,0,1,0,0,0,1,0,0,0,0,0,0,0,1,3,1,0,1,0,,,0,9,0,1,1,0,0,0,1,0,3,0,0,0,0,2,0,0,0,0,0,,0,0,0,1,0,,0,0,0,0,1,0,1,1,0,0,0,,0,,0,1,0,8
,Skarsterlân,6,0,1,0,1,1,1,3,27,0,1,8,0,0,3,0,3,1,4,,,18,102,0,0,2,185,1,1,2,1,55,5,13,3,0,1,5,2,0,3,1,,1,0,5,20,0,0,,0,28,1,83,3,1,5,1,0,0,,6,,18,1,3,1
,Slochteren,6,1,0,31,8,1,5,0,0,15,5,0,0,38,2,10,5,0,1,,,0,179,0,9,0,0,0,102,1,3,5,0,0,0,6,5,0,0,14,0,9,,6,24,0,4,1,1,0,,5,3,5,0,17,0,6,2,0,,1,,0,2,0,4
,Smallingerland,3,84,1,1,18,3,4,15,30,2,3,6,25,22,27,0,5,5,19,,,4,276,16,3,12,75,11,7,17,18,200,12,5,10,2,0,12,8,0,3,6,,6,8,82,242,0,0,16,0,,4,44,1,2,110,3,12,2,,4,,30,0,1,8
,Stadskanaal,39,1,0,1,33,2,15,1,1,1,198,7,0,6,3,1,69,0,1,,,0,179,4,6,0,0,9,18,0,4,24,0,0,0,3,3,3,0,9,4,6,,3,55,4,0,33,1,4,5,6,,2,1,12,1,34,118,0,,1,,1,3,5,1
,Súdwest-Fryslân,2,13,3,1,13,1,3,11,83,0,0,2,8,3,13,1,13,7,65,,,78,229,2,1,65,65,2,1,3,3,261,8,31,69,2,1,0,24,0,3,3,,6,8,8,23,5,0,114,1,72,11,,9,11,23,3,0,2,,4,,14,2,1,3
,Terschelling,5,4,0,0,1,0,1,0,4,0,3,1,0,0,0,0,0,2,4,,,0,14,3,0,13,0,3,0,1,0,41,0,1,2,0,0,0,4,0,0,1,,0,0,1,1,0,0,6,0,2,3,20,,0,3,0,0,0,,1,,0,0,0,1
,Tynaarlo,88,7,1,2,135,7,4,4,2,2,15,2,0,7,2,2,25,0,4,,,1,518,2,62,0,7,8,39,1,9,31,1,2,0,3,0,6,0,5,4,13,,70,18,16,9,1,0,4,11,5,9,6,2,,7,15,5,0,,5,,1,3,1,11
,Tytsjerksteradiel,0,63,1,2,1,5,0,14,28,0,0,1,72,3,29,0,5,14,11,,,0,85,10,1,10,31,1,4,16,12,296,4,2,10,0,1,0,9,0,0,5,,2,0,15,30,0,0,4,1,108,1,38,7,2,,3,18,1,,4,,6,1,1,6
,Veendam,32,3,0,3,25,3,18,0,0,0,12,6,0,10,0,1,20,2,1,,,0,198,1,7,0,2,9,47,0,9,17,0,0,0,2,2,1,0,89,0,4,,13,80,1,2,79,0,0,12,3,34,0,0,19,0,,14,0,,0,,0,2,9,3
,Vlagtwedde,10,0,0,1,16,0,34,0,0,7,20,9,0,14,1,1,94,0,3,,,1,89,0,1,0,0,7,13,2,2,10,0,0,0,1,2,1,0,11,0,5,,9,23,1,1,17,0,0,1,2,152,0,0,8,1,15,,0,,7,,0,3,0,1
,Vlieland,0,1,0,0,0,0,0,1,2,0,0,0,0,0,2,0,2,2,7,,,1,2,0,0,15,2,1,0,1,1,12,1,2,0,0,0,0,0,0,0,2,,0,0,4,5,0,0,0,0,1,0,6,1,7,0,0,0,,,1,,0,0,0,0
,Waadhoeke,,,,,,,,,,,,,,,,,,,,,,,,,,,,,,,,,,,,,,,,,,,,,,,,,,,,,,,,,,,,,,,,,,,
,Westerveld,2,1,0,1,43,0,0,0,3,0,6,8,1,1,0,0,13,0,0,,,2,70,1,1,1,14,40,2,0,2,15,0,0,0,0,0,0,0,0,62,39,,3,1,15,4,1,0,1,0,8,1,6,1,17,1,2,13,0,,,,29,0,54,1
,Westerwolde,,,,,,,,,,,,,,,,,,,,,,,,,,,,,,,,,,,,,,,,,,,,,,,,,,,,,,,,,,,,,,,,,,,
,Weststellingwerf,4,7,0,1,4,0,2,3,15,0,1,3,2,1,1,2,11,0,7,,,2,58,0,1,6,86,5,3,2,7,52,1,8,3,1,0,3,2,1,5,1,,2,0,42,16,0,0,13,0,21,0,12,0,1,2,1,0,0,,40,,,0,4,0
,Winsum,0,2,1,0,12,29,1,0,1,5,0,2,0,13,0,31,1,0,0,,,0,189,8,5,1,0,1,11,0,5,14,4,0,0,10,45,0,0,1,1,4,,4,4,2,3,1,2,0,4,0,3,1,1,10,0,0,0,0,,1,,0,,2,31
,De Wolden,2,0,0,0,18,0,1,0,0,0,3,5,1,0,0,0,8,0,0,,,1,73,0,0,2,6,110,0,1,1,8,0,0,0,1,1,0,0,0,114,18,,2,1,0,0,2,0,0,0,2,3,2,1,1,0,1,3,0,,25,,1,0,,1
,Zuidhorn,1,5,0,5,22,4,1,0,0,1,0,0,0,2,0,4,5,0,3,,,0,290,45,8,0,5,1,3,23,40,16,0,0,0,2,13,15,0,1,0,2,,19,3,8,1,0,0,0,6,7,0,8,1,11,1,4,1,0,,0,,1,8,0,
,,,,,,,,,,,,,,,,,,,,,,,,,,,,,,,,,,,,,,,,,,,,,,,,,,,,,,,,,,,,,,,,,,,,
,,,,,,,,,,,,,,,,,,,,,,,,,,,,,,,,,,,,,,,,,,,,,,,,,,,,,,,,,,,,,,,,,,,,
https://opendata.cbs.nl/statline/#/CBS/nl/dataset/81734NED/table?ts=1577105596483,,,,,,,,,,,,,,,,,,,,,,,,,,,,,,,,,,,,,,,,,,,,,,,,,,,,,,,,,,,,,,,,,,,,
2012 tussen gemeenten verhuisde personen,regio van vestiging,,,,,,,,,,,,,,,,,,,,,,,,,,,,,,,,,,,,,,,,,,,,,,,,,,,,,,,,,,,,,,,,,,,
,Gemeentes,Aa en Hunze,Achtkarspelen,Ameland,Appingedam,Assen,Bedum,Bellingwedde,het Bildt,Boarnsterhim,Ten Boer,Borger-Odoorn,Coevorden,Dantumadiel,Delfzijl,Dongeradeel,Eemsmond,Emmen,Ferwerderadiel,Franekeradeel,De Friese Meren,De Fryske Marren,Gaasterlân-Sleat,Groningen,Grootegast,Haren,Harlingen,Heerenveen,Hoogeveen,Hoogezand-Sappemeer,Kollumerland en Nieuwkruisland,Leek,Leeuwarden,Leeuwarderadeel,Lemsterland,Littenseradiel,Loppersum,De Marne,Marum,Menameradiel,Menterwolde,Meppel,Midden-Drenthe,Midden-Groningen,Noordenveld,Oldambt,Ooststellingwerf,Opsterland,Pekela,Schiermonnikoog,Skarsterlân,Slochteren,Smallingerland,Stadskanaal,Súdwest-Fryslân,Terschelling,Tynaarlo,Tytsjerksteradiel,Veendam,Vlagtwedde,Vlieland,Waadhoeke,Westerveld,Westerwolde,Weststellingwerf,Winsum,De Wolden,Zuidhorn
regio van aankomst,Aa en Hunze,,0,1,4,144,3,1,0,1,0,56,19,0,6,1,3,18,0,0,,,2,203,0,14,0,3,14,11,0,10,11,0,0,0,0,4,0,0,12,2,21,,14,8,7,2,5,0,0,3,1,68,3,2,79,1,52,7,0,,7,,3,0,2,2
,Achtkarspelen,0,,0,3,3,0,1,0,4,0,0,0,35,0,21,1,5,7,7,,,1,84,33,3,2,16,2,2,60,10,55,1,0,0,1,1,8,3,0,5,3,,4,0,9,26,0,4,0,2,135,0,16,2,1,90,3,0,1,,0,,6,0,0,9
,Ameland,0,0,,2,0,1,0,0,1,0,2,0,3,1,2,0,1,0,4,,,0,8,1,0,3,2,0,2,1,1,51,3,0,0,0,0,0,3,0,0,0,,0,0,1,0,0,0,0,0,0,1,0,0,0,4,0,0,0,,0,,0,0,1,0
,Appingedam,4,0,0,,0,5,1,0,0,5,1,1,0,156,0,8,2,0,0,,,0,92,1,6,1,3,1,12,1,6,10,0,0,0,28,3,4,0,0,0,8,,5,10,2,0,7,0,3,15,0,5,3,0,3,0,5,2,0,,1,,1,2,0,1
,Assen,135,3,8,8,,1,5,0,1,3,37,23,1,8,1,1,67,2,6,,,0,524,2,20,0,8,55,29,1,23,31,1,1,0,7,4,2,1,5,33,209,,114,17,44,3,11,4,1,4,9,12,11,0,101,3,28,15,5,,38,,1,2,17,6
,Bedum,0,3,0,4,9,,1,0,0,12,1,0,0,2,1,15,0,0,0,,,0,147,0,7,0,1,0,4,0,7,2,0,0,0,17,7,5,1,2,1,4,,4,9,3,0,0,0,0,1,1,1,0,0,5,0,2,1,0,,0,,2,25,0,2
,Bellingwedde,9,0,0,1,2,1,,2,0,0,5,3,0,36,0,2,9,2,0,,,0,50,0,3,0,0,1,7,0,3,0,0,0,1,0,0,1,0,2,0,1,,1,142,1,1,41,0,0,3,1,44,0,0,7,1,26,48,0,,1,,0,2,0,0
,het Bildt,1,4,1,0,0,0,5,,10,6,1,1,6,0,3,5,1,18,61,,,2,21,0,1,18,5,0,1,1,1,112,26,2,4,0,1,0,58,0,0,0,,0,1,11,6,2,0,8,2,7,0,18,4,2,17,0,20,0,,0,,1,0,0,1
,Boarnsterhim,1,6,0,0,1,0,1,3,,0,1,0,5,0,6,0,1,4,15,,,1,69,0,1,10,77,2,1,2,1,177,3,6,17,0,0,2,8,0,0,0,,0,0,9,32,0,0,38,0,12,1,60,2,4,29,1,1,2,,2,,4,0,0,0
,Ten Boer,0,2,0,13,7,12,0,1,0,,0,0,1,2,0,5,2,0,0,,,2,112,3,2,0,1,0,7,0,5,2,0,0,0,16,1,5,0,0,0,0,,12,0,1,0,0,0,0,9,0,1,0,3,5,1,1,0,0,,0,,0,1,0,4
,Borger-Odoorn,75,0,0,0,40,0,2,0,2,1,,42,0,5,0,3,212,2,1,,,0,135,1,7,1,1,14,6,0,1,13,0,0,0,1,1,1,0,4,4,19,,13,5,6,2,7,0,0,9,6,217,7,1,14,0,5,47,0,,2,,1,0,2,2
,Coevorden,18,1,0,1,41,0,1,1,1,0,44,,0,8,0,2,381,0,1,,,1,137,0,5,0,3,101,5,2,0,11,0,0,0,1,0,0,0,3,6,46,,9,2,4,0,1,0,4,0,2,8,2,0,9,1,12,40,0,,11,,3,1,51,0
,Dantumadiel,0,53,2,0,0,0,0,2,2,0,0,0,,0,130,2,2,13,3,,,0,44,1,0,3,6,1,0,40,0,70,11,0,1,0,0,1,2,0,0,0,,1,0,9,10,0,0,6,0,33,0,18,0,1,74,1,0,3,,0,,1,0,0,2
,Delfzijl,5,0,0,220,13,2,5,0,0,6,4,2,3,,0,24,16,1,0,,,0,219,5,7,2,0,7,19,2,6,21,0,0,0,37,4,1,0,14,1,3,,8,60,1,3,15,1,4,27,1,10,1,2,6,3,17,15,0,,0,,0,5,0,5
,Dongeradeel,0,34,9,0,9,0,1,3,3,0,0,3,96,0,,1,2,35,8,,,0,78,9,0,11,9,1,0,64,0,110,3,2,2,0,3,0,4,0,2,1,,8,2,1,8,2,4,2,0,19,3,12,2,0,31,3,2,0,,4,,5,0,0,0
,Eemsmond,2,1,0,22,7,18,2,1,0,4,3,3,2,39,1,,2,0,0,,,0,153,1,9,0,0,4,15,1,5,2,0,0,0,62,4,0,1,3,2,1,,6,13,1,0,0,0,0,5,3,3,2,0,9,2,5,1,0,,0,,0,48,1,7
,Emmen,48,6,1,2,85,1,5,6,1,6,216,394,0,9,5,3,,0,6,,,0,346,0,6,1,8,82,8,2,8,52,0,0,0,2,7,1,2,10,19,38,,16,24,12,4,15,0,4,1,19,95,7,4,23,2,21,131,1,,8,,5,3,17,4
,Ferwerderadiel,0,2,1,0,1,2,0,10,1,0,1,0,22,1,30,0,0,,12,,,0,14,1,0,7,7,0,1,2,0,67,43,0,2,0,0,0,4,0,0,0,,1,0,0,5,0,0,0,0,15,2,3,0,0,16,0,0,1,,0,,2,0,0,0
,Franekeradeel,0,1,1,0,3,0,0,48,12,0,2,2,10,7,6,0,5,1,,,,0,53,0,0,95,6,1,4,0,2,166,5,6,15,0,0,0,39,0,2,6,,1,1,6,8,2,2,4,0,11,2,63,5,5,14,0,0,2,,1,,0,0,0,0
,De Friese Meren,,,,,,,,,,,,,,,,,,,,,,,,,,,,,,,,,,,,,,,,,,,,,,,,,,,,,,,,,,,,,,,,,,,
,De Fryske Marren,,,,,,,,,,,,,,,,,,,,,,,,,,,,,,,,,,,,,,,,,,,,,,,,,,,,,,,,,,,,,,,,,,,
,Gaasterlân-Sleat,0,0,0,0,1,0,0,0,1,0,1,1,0,0,0,0,0,2,1,,,,22,0,0,0,18,1,0,0,0,31,3,13,7,0,0,0,0,0,1,0,,2,0,1,5,0,0,17,0,2,0,71,2,0,1,0,0,0,,2,,1,0,0,0
,Groningen,135,43,6,50,364,180,18,8,45,129,83,69,22,131,44,89,236,12,24,,,29,,54,653,19,111,88,310,25,245,281,10,31,20,98,80,62,15,49,79,118,,328,174,54,79,40,9,71,268,167,121,184,27,597,43,174,53,7,,44,,46,141,52,240
,Grootegast,2,53,1,0,8,3,0,0,1,1,0,0,2,0,3,3,2,0,0,,,0,79,,3,0,4,2,1,6,27,9,0,0,0,1,7,36,1,1,0,0,,12,3,3,5,3,1,2,2,31,0,4,3,4,5,0,1,0,,0,,0,0,0,59
,Haren,9,0,0,6,32,4,1,0,1,6,0,1,0,5,0,5,5,0,0,,,0,394,0,,0,1,0,16,1,12,7,0,0,0,6,1,2,0,3,0,2,,39,12,0,4,1,0,1,11,4,5,1,3,76,0,4,0,0,,0,,0,3,2,12
,Harlingen,0,3,0,0,3,0,1,10,2,0,1,0,2,0,5,0,0,3,77,,,1,51,0,0,,12,1,3,2,5,105,5,0,1,0,1,0,15,0,0,0,,0,1,2,0,1,0,0,0,10,1,62,10,1,5,0,0,5,,0,,6,1,0,1
,Heerenveen,1,22,1,3,5,0,0,3,81,1,1,2,8,0,7,2,3,11,14,,,8,181,0,1,3,,8,3,6,1,129,9,31,4,1,0,4,5,0,12,4,,3,1,43,156,0,1,154,4,97,4,79,3,12,12,4,3,1,,7,,94,0,4,0
,Hoogeveen,20,1,0,0,77,0,2,0,6,2,7,71,0,7,1,1,110,0,4,,,0,134,0,5,1,5,,3,0,2,31,0,0,0,1,1,3,0,4,80,69,,15,1,11,2,4,0,4,2,7,5,2,1,11,3,4,7,1,,16,,3,0,216,1
,Hoogezand-Sappemeer,11,2,4,9,22,13,16,0,3,2,16,2,0,23,0,3,18,1,0,,,0,400,2,32,4,15,7,,1,18,16,0,0,2,5,0,2,0,74,0,5,,25,33,1,1,11,0,1,74,10,27,8,2,50,2,94,6,0,,2,,0,8,0,3
,Kollumerland en Nieuwkruisland,2,68,0,0,1,0,0,3,10,0,0,1,52,0,34,0,2,5,2,,,0,48,7,2,1,9,0,0,,6,50,0,1,3,0,1,2,4,0,0,1,,1,1,1,7,1,1,2,2,25,0,10,0,1,29,0,0,0,,1,,1,0,0,7
,Leek,5,2,2,3,19,6,1,0,2,5,1,4,1,3,0,5,6,0,2,,,0,259,31,11,1,1,1,15,4,,21,0,0,0,5,1,59,0,1,0,3,,79,13,10,2,2,0,0,6,19,2,2,1,12,2,18,2,0,,2,,1,3,0,34
,Leeuwarden,15,46,27,6,26,2,7,72,206,1,9,6,37,6,70,3,40,40,102,,,15,398,3,9,54,123,22,12,33,15,,164,21,83,8,0,5,105,1,12,17,,19,11,49,65,3,9,39,4,157,10,227,28,29,232,18,5,14,,16,,29,3,14,6
,Leeuwarderadeel,0,1,1,0,1,0,0,21,10,0,0,1,6,0,6,0,0,7,4,,,0,33,0,0,5,3,0,0,2,0,164,,2,0,0,0,1,15,0,0,0,,0,0,0,4,0,0,3,0,8,0,19,2,0,14,0,0,2,,0,,3,0,1,1
,Lemsterland,0,3,0,1,0,1,2,0,4,0,0,0,0,0,0,0,3,0,1,,,20,35,0,0,4,29,0,3,1,0,34,1,,5,0,0,0,2,0,2,0,,0,0,7,2,0,0,39,0,4,0,32,2,2,5,2,0,1,,2,,12,0,2,0
,Littenseradiel,0,1,0,0,0,0,2,1,15,0,0,0,3,0,2,0,0,8,21,,,1,46,1,1,7,4,1,0,0,0,56,2,0,,0,0,0,4,0,2,0,,0,2,2,2,0,0,13,1,7,0,72,0,1,4,0,1,2,,0,,1,0,0,4
,Loppersum,4,0,0,35,4,32,3,0,0,21,1,1,0,24,0,56,2,0,0,,,0,102,5,13,0,0,0,7,0,0,6,0,0,0,,4,0,0,2,0,5,,0,8,0,2,0,0,0,12,2,1,1,0,6,0,6,2,0,,0,,1,9,1,0
,De Marne,1,5,0,2,8,12,0,0,1,4,0,1,0,7,8,17,3,0,0,,,0,113,2,3,2,0,0,1,0,4,6,0,0,0,6,,2,0,2,0,2,,3,3,0,2,4,3,0,1,4,1,0,1,8,0,0,4,1,,0,,0,61,0,13
,Marum,0,8,0,0,2,1,0,1,0,0,2,1,0,0,0,0,1,2,1,,,0,79,29,1,0,3,1,3,0,84,4,2,1,0,2,1,,0,1,0,2,,17,4,14,17,7,0,1,0,18,3,5,0,1,5,4,0,0,,4,,0,1,0,18
,Menameradiel,0,6,1,0,2,0,0,31,9,0,0,1,2,0,3,0,1,13,56,,,0,33,1,1,11,5,0,0,2,1,168,6,1,12,0,0,2,,0,0,1,,0,5,5,2,0,0,5,0,6,0,13,2,1,4,0,1,0,,0,,0,0,2,0
,Menterwolde,2,1,0,1,8,0,2,0,0,1,1,1,2,6,0,0,5,0,0,,,0,72,6,13,0,1,1,57,0,2,2,3,0,0,5,0,0,3,,0,0,,2,40,0,0,13,0,0,21,1,13,0,1,8,1,102,8,0,,0,,0,0,1,4
,Meppel,8,1,1,1,31,0,2,0,1,0,1,5,0,0,0,1,12,0,2,,,3,86,0,2,0,10,53,2,0,0,15,0,2,0,0,0,1,0,0,,9,,17,1,3,3,2,0,1,3,8,2,3,1,3,5,1,1,0,,54,,2,0,85,0
,Midden-Drenthe,25,0,0,7,239,2,1,0,3,0,17,41,1,1,2,2,31,1,1,,,0,159,3,11,0,6,107,9,1,5,18,0,3,0,2,0,0,0,0,10,,,19,1,36,0,2,0,1,0,2,12,4,0,20,1,9,6,0,,30,,4,0,16,2
,Midden-Groningen,,,,,,,,,,,,,,,,,,,,,,,,,,,,,,,,,,,,,,,,,,,,,,,,,,,,,,,,,,,,,,,,,,,
,Noordenveld,20,3,0,2,87,1,0,0,0,6,2,1,0,2,1,2,15,0,1,,,0,347,12,25,0,6,10,20,2,106,23,0,1,0,1,10,14,0,2,2,17,,,5,33,9,2,0,2,1,8,9,9,1,68,2,6,5,0,,8,,4,2,0,16
,Oldambt,16,0,0,13,28,0,108,0,0,2,14,5,0,31,4,15,21,1,4,,,0,273,3,8,1,1,9,50,2,10,25,0,1,1,8,1,3,0,33,0,6,,9,,4,2,131,0,0,18,7,53,12,2,14,0,88,29,0,,2,,1,5,3,7
,Ooststellingwerf,8,13,0,0,73,3,1,1,8,1,1,1,3,0,7,1,10,1,7,,,0,124,3,1,2,43,2,2,1,7,58,1,2,0,1,1,5,2,2,4,35,,33,1,,58,2,0,7,0,63,4,11,2,4,9,2,0,5,,12,,38,0,3,2
,Opsterland,2,23,1,1,4,0,0,1,34,1,0,0,11,1,1,0,5,3,3,,,8,123,8,8,3,130,1,2,5,3,66,1,4,7,0,1,17,1,3,3,3,,13,1,65,,0,1,11,3,262,4,24,4,10,12,5,4,1,,12,,20,2,2,0
,Pekela,9,4,0,3,12,0,26,0,0,0,4,4,0,26,2,0,7,0,0,,,1,104,1,2,2,0,3,22,0,0,5,0,0,0,1,2,2,0,13,0,0,,3,139,4,3,,0,1,1,1,37,5,0,2,1,62,24,0,,0,,0,0,3,1
,Schiermonnikoog,0,1,0,0,2,0,0,0,0,0,0,0,3,2,3,0,0,0,2,,,0,4,2,1,0,1,0,1,1,0,1,0,0,0,0,0,0,0,0,0,0,,1,0,0,1,0,,0,1,0,0,1,1,0,0,0,0,0,,0,,0,5,0,0
,Skarsterlân,2,3,0,0,0,3,0,0,36,0,0,2,2,1,2,1,0,2,8,,,17,110,0,3,3,179,2,5,1,3,45,0,42,6,0,0,0,3,0,1,1,,3,1,16,23,0,6,,2,18,2,97,4,2,3,0,1,0,,0,,31,0,0,0
,Slochteren,8,1,0,20,10,0,5,0,0,18,0,0,0,24,0,3,5,0,0,,,0,187,2,7,0,0,0,93,1,2,3,0,0,1,6,2,0,0,23,0,0,,7,27,0,1,1,1,0,,2,3,1,1,16,0,11,2,1,,2,,0,2,0,0
,Smallingerland,6,124,3,1,25,0,1,7,29,1,1,4,23,3,24,0,13,9,12,,,4,276,18,2,10,88,11,10,18,12,199,6,17,7,5,1,11,4,1,10,9,,7,3,63,230,2,1,18,2,,4,44,4,9,97,1,12,3,,6,,15,3,0,4
,Stadskanaal,43,0,0,4,34,2,13,3,0,2,158,8,0,13,0,2,86,0,3,,,0,206,1,9,0,1,10,18,0,8,16,0,0,3,1,0,2,0,12,2,9,,2,55,4,0,54,0,1,4,0,,9,2,20,12,45,132,0,,1,,1,2,0,3
,Súdwest-Fryslân,1,6,3,0,5,0,0,15,76,0,1,4,9,7,9,0,5,2,67,,,71,222,1,1,73,80,2,6,6,12,304,10,29,71,0,0,1,16,2,10,2,,4,7,16,33,1,1,73,1,47,3,,25,4,34,1,0,5,,4,,13,0,1,2
,Terschelling,0,2,1,0,4,1,1,1,2,0,0,0,2,1,2,0,2,0,2,,,0,16,1,4,16,8,1,0,0,1,29,0,1,0,0,1,0,1,0,2,1,,0,0,0,1,0,0,1,1,0,1,23,,1,3,3,0,0,,1,,0,0,1,1
,Tynaarlo,93,0,0,4,136,5,4,3,0,1,17,6,2,9,4,3,19,0,5,,,0,515,2,62,0,2,12,38,0,15,34,1,4,0,2,3,3,0,9,2,11,,72,11,10,8,0,0,0,9,5,17,3,3,,4,9,3,1,,0,,1,9,4,4
,Tytsjerksteradiel,0,48,6,0,5,0,0,10,14,0,0,8,63,7,28,0,11,19,11,,,1,88,3,2,16,36,2,4,25,10,321,12,1,8,0,2,7,16,0,2,3,,2,7,17,27,0,0,5,0,110,1,31,1,1,,0,16,1,,1,,3,4,0,1
,Veendam,42,0,0,7,24,4,14,0,1,2,8,1,0,16,0,5,11,0,0,,,0,179,2,1,0,2,8,64,1,9,15,0,0,0,3,5,2,0,101,1,3,,7,73,0,0,55,0,1,11,11,49,9,0,15,3,,17,0,,3,,2,0,1,3
,Vlagtwedde,11,0,0,3,14,1,36,5,0,1,38,8,0,12,1,1,197,2,1,,,0,97,1,1,0,4,15,8,0,3,18,0,0,0,0,0,0,0,6,0,6,,13,38,0,1,15,0,0,5,1,128,3,0,10,12,17,,0,,2,,3,1,3,1
,Vlieland,0,0,0,0,1,0,0,0,3,0,0,0,2,0,3,0,1,1,2,,,1,8,0,0,14,3,0,1,0,0,17,1,0,0,0,0,0,2,0,0,0,,0,2,0,0,0,0,0,0,1,0,5,1,0,1,0,0,,,1,,0,0,0,0
,Waadhoeke,,,,,,,,,,,,,,,,,,,,,,,,,,,,,,,,,,,,,,,,,,,,,,,,,,,,,,,,,,,,,,,,,,,
,Westerveld,2,2,0,0,18,0,0,0,3,0,4,14,0,3,1,0,25,0,0,,,1,73,1,0,0,9,33,2,0,2,16,0,0,0,0,0,1,0,0,100,37,,1,0,28,1,0,0,2,0,7,1,2,0,6,4,3,3,0,,,,26,1,28,0
,Westerwolde,,,,,,,,,,,,,,,,,,,,,,,,,,,,,,,,,,,,,,,,,,,,,,,,,,,,,,,,,,,,,,,,,,,
,Weststellingwerf,0,0,1,1,7,2,0,1,13,3,2,6,1,0,2,0,7,3,2,,,0,55,0,0,2,76,7,0,0,2,47,6,18,5,2,2,4,1,0,13,4,,3,5,34,20,0,0,24,0,28,4,15,0,1,8,0,1,0,,45,,,0,1,1
,Winsum,3,0,0,4,5,20,1,0,0,5,4,2,0,2,0,37,3,0,0,,,0,200,1,14,0,1,0,4,0,4,6,0,0,0,8,41,2,0,4,2,5,,5,4,0,0,0,2,1,3,0,1,1,2,4,0,1,1,0,,0,,0,,0,14
,De Wolden,2,0,0,0,13,0,0,0,1,0,10,6,4,0,0,0,20,0,0,,,0,66,0,2,2,3,157,0,0,0,9,0,0,0,0,0,0,0,0,150,13,,3,3,2,3,1,0,0,0,0,1,1,0,0,0,2,1,2,,50,,0,0,,0
,Zuidhorn,0,14,5,2,11,2,0,0,0,4,1,2,3,2,3,9,2,1,1,,,0,248,49,8,0,0,11,8,4,64,13,0,0,0,4,11,2,0,2,0,5,,12,12,6,4,2,0,0,2,4,4,3,2,9,2,8,1,0,,0,,2,11,0,
,,,,,,,,,,,,,,,,,,,,,,,,,,,,,,,,,,,,,,,,,,,,,,,,,,,,,,,,,,,,,,,,,,,,
,,,,,,,,,,,,,,,,,,,,,,,,,,,,,,,,,,,,,,,,,,,,,,,,,,,,,,,,,,,,,,,,,,,,
https://opendata.cbs.nl/statline/#/CBS/nl/dataset/81734NED/table?ts=1577105596483,,,,,,,,,,,,,,,,,,,,,,,,,,,,,,,,,,,,,,,,,,,,,,,,,,,,,,,,,,,,,,,,,,,,
2013 tussen gemeenten verhuisde personen,regio van vestiging,,,,,,,,,,,,,,,,,,,,,,,,,,,,,,,,,,,,,,,,,,,,,,,,,,,,,,,,,,,,,,,,,,,
,Gemeentes,Aa en Hunze,Achtkarspelen,Ameland,Appingedam,Assen,Bedum,Bellingwedde,het Bildt,Boarnsterhim,Ten Boer,Borger-Odoorn,Coevorden,Dantumadiel,Delfzijl,Dongeradeel,Eemsmond,Emmen,Ferwerderadiel,Franekeradeel,De Friese Meren,De Fryske Marren,Gaasterlân-Sleat,Groningen,Grootegast,Haren,Harlingen,Heerenveen,Hoogeveen,Hoogezand-Sappemeer,Kollumerland en Nieuwkruisland,Leek,Leeuwarden,Leeuwarderadeel,Lemsterland,Littenseradiel,Loppersum,De Marne,Marum,Menameradiel,Menterwolde,Meppel,Midden-Drenthe,Midden-Groningen,Noordenveld,Oldambt,Ooststellingwerf,Opsterland,Pekela,Schiermonnikoog,Skarsterlân,Slochteren,Smallingerland,Stadskanaal,Súdwest-Fryslân,Terschelling,Tynaarlo,Tytsjerksteradiel,Veendam,Vlagtwedde,Vlieland,Waadhoeke,Westerveld,Westerwolde,Weststellingwerf,Winsum,De Wolden,Zuidhorn
regio van aankomst,Aa en Hunze,,1,0,1,141,0,2,1,6,3,62,17,0,0,2,1,32,0,4,,,0,247,0,12,0,0,19,5,0,4,13,0,0,0,1,2,1,2,5,3,22,,24,19,7,1,3,0,1,5,14,71,8,3,78,4,32,3,0,,4,,2,3,4,1
,Achtkarspelen,0,,7,1,6,1,0,3,9,0,0,3,48,0,21,1,1,1,2,,,2,64,37,0,1,14,2,3,65,3,56,2,1,3,0,1,6,2,0,1,1,,2,0,17,19,0,1,6,0,118,0,14,2,5,100,4,1,0,,4,,9,1,1,19
,Ameland,1,0,,0,0,0,0,0,2,0,4,0,6,0,7,4,1,2,1,,,0,5,0,0,2,2,0,3,0,0,49,5,0,0,0,0,0,1,4,1,0,,1,0,0,5,1,0,1,0,0,0,0,0,1,0,1,0,0,,0,,0,0,0,5
,Appingedam,4,0,0,,10,1,1,0,0,5,1,1,0,149,0,7,1,1,0,,,0,105,0,5,1,1,1,12,0,3,2,0,0,0,14,0,0,0,13,3,0,,1,17,0,1,0,0,0,15,0,4,2,0,2,0,5,0,0,,2,,1,1,0,2
,Assen,123,7,2,0,,1,1,1,2,6,43,34,0,16,5,3,85,0,7,,,0,584,8,29,3,7,71,21,1,15,59,2,2,0,5,9,4,2,7,11,210,,80,29,72,15,9,1,1,8,9,22,7,2,89,1,22,9,0,,37,,5,4,19,9
,Bedum,6,0,1,8,8,,0,0,0,13,0,0,2,5,0,8,0,0,0,,,0,163,1,14,0,2,0,7,0,1,5,0,0,0,21,12,2,0,1,0,0,,2,6,3,6,0,1,0,3,5,3,0,0,14,0,4,1,0,,0,,0,34,0,7
,Bellingwedde,5,1,0,1,0,0,,0,0,1,5,1,0,5,3,0,5,0,1,,,0,54,1,2,0,1,0,1,1,0,4,0,0,0,0,1,0,0,4,2,1,,0,124,0,3,19,0,0,2,0,18,2,0,5,0,8,26,0,,2,,0,0,2,0
,het Bildt,0,2,2,0,0,2,0,,6,0,0,2,6,2,11,3,3,21,44,,,4,38,6,0,10,7,5,6,3,2,108,49,1,10,0,4,2,41,2,0,0,,0,11,6,5,7,0,7,0,21,0,25,2,6,24,0,5,0,,0,,2,1,1,0
,Boarnsterhim,0,4,7,0,6,1,1,3,,0,0,1,3,2,19,0,5,0,7,,,0,66,2,0,8,75,4,1,2,3,170,3,11,21,1,0,1,10,0,3,2,,2,6,5,32,0,0,24,0,34,0,94,4,1,8,3,0,1,,5,,8,2,0,0
,Ten Boer,2,0,0,10,2,9,0,0,0,,0,0,0,6,0,7,3,0,0,,,0,117,1,1,0,0,0,6,1,3,1,0,0,0,29,4,1,0,0,0,2,,11,9,0,5,0,0,0,8,0,1,1,0,8,1,1,4,0,,0,,0,3,2,3
,Borger-Odoorn,41,0,1,0,33,2,1,0,0,1,,47,1,2,0,4,253,0,2,,,2,165,0,5,1,0,19,1,0,3,9,0,0,0,0,0,0,0,7,5,18,,14,4,4,2,9,0,0,0,3,190,2,3,4,2,14,32,2,,8,,1,1,4,0
,Coevorden,15,4,0,1,40,3,5,0,2,0,71,,6,1,7,0,361,0,0,,,0,115,0,2,0,7,69,8,7,6,23,0,1,0,1,2,1,2,4,7,13,,6,2,5,2,2,0,4,0,5,16,11,2,6,14,6,15,2,,13,,1,2,3,1
,Dantumadiel,1,45,4,1,1,0,0,0,2,0,0,0,,1,115,2,0,11,4,,,0,41,4,0,4,7,0,0,69,0,94,1,4,6,0,1,0,3,0,4,0,,2,0,2,5,0,0,5,0,23,0,11,0,2,101,0,0,1,,0,,1,1,0,2
,Delfzijl,5,0,0,220,15,2,5,0,2,1,9,3,0,,1,24,20,0,5,,,0,230,3,10,6,9,9,22,0,4,13,0,0,0,44,5,0,0,8,0,4,,9,80,3,2,14,1,0,49,5,16,2,2,15,1,13,6,1,,0,,1,17,4,5
,Dongeradeel,0,15,3,0,3,0,0,6,12,0,0,1,118,2,,4,4,35,8,,,0,78,2,0,4,9,1,2,36,0,109,11,1,5,0,1,0,5,0,1,0,,5,0,7,12,0,4,1,1,22,2,22,6,0,29,0,0,7,,1,,6,0,0,2
,Eemsmond,3,1,0,21,14,15,1,0,0,6,8,1,1,33,2,,3,1,2,,,0,143,1,5,0,2,0,3,2,4,5,0,0,0,52,13,0,0,3,0,12,,9,10,0,0,0,0,0,11,3,6,0,2,3,0,10,0,0,,0,,0,55,1,5
,Emmen,30,1,1,2,115,4,9,0,2,1,187,358,8,11,8,2,,1,1,,,7,412,1,6,1,12,63,16,4,5,51,1,0,0,5,1,0,1,5,16,52,,16,16,11,2,9,0,2,4,9,60,7,2,21,8,23,95,1,,15,,1,0,10,0
,Ferwerderadiel,0,5,0,0,1,0,0,11,6,0,3,1,12,1,47,1,0,,13,,,0,11,0,0,5,6,0,0,2,1,70,44,0,2,0,0,0,5,0,0,2,,0,1,2,0,0,0,1,0,3,0,2,0,2,14,5,0,1,,0,,4,0,0,0
,Franekeradeel,2,1,5,0,2,0,0,31,12,0,2,0,2,1,15,0,13,8,,,,1,64,0,1,99,6,5,2,0,6,171,9,1,25,0,0,0,45,0,0,1,,4,0,2,3,0,1,11,0,12,1,58,6,8,16,0,0,4,,4,,6,0,0,4
,De Friese Meren,,,,,,,,,,,,,,,,,,,,,,,,,,,,,,,,,,,,,,,,,,,,,,,,,,,,,,,,,,,,,,,,,,,
,De Fryske Marren,,,,,,,,,,,,,,,,,,,,,,,,,,,,,,,,,,,,,,,,,,,,,,,,,,,,,,,,,,,,,,,,,,,
,Gaasterlân-Sleat,0,1,0,0,0,0,0,0,3,0,1,0,0,0,2,0,1,0,1,,,,39,0,0,2,14,0,0,0,0,20,0,15,0,0,0,1,0,0,0,1,,0,0,0,4,0,0,22,0,5,0,79,1,0,1,0,0,0,,0,,1,1,0,0
,Groningen,175,50,15,69,412,154,30,21,53,141,84,84,14,126,36,94,253,5,32,,,13,,40,649,16,112,104,271,26,265,313,11,23,25,98,67,67,17,48,86,116,,344,154,80,93,22,7,86,157,154,92,173,13,613,47,185,53,9,,33,,41,162,61,315
,Grootegast,1,37,2,0,1,2,1,0,1,3,1,0,5,0,2,1,3,1,0,,,0,79,,4,0,0,1,4,13,29,8,1,0,0,0,5,37,1,2,1,1,,11,1,8,2,1,0,0,1,26,6,1,0,1,10,0,0,0,,0,,0,0,0,83
,Haren,9,0,0,3,32,7,2,0,0,8,6,4,0,4,0,2,5,0,1,,,0,436,0,,0,1,3,25,0,9,11,0,0,0,1,1,6,1,3,0,7,,10,10,2,2,0,0,2,8,7,2,4,2,118,1,3,1,0,,0,,0,1,0,11
,Harlingen,0,3,2,0,3,0,0,6,7,0,2,0,3,1,6,0,2,0,76,,,2,54,0,1,,7,1,0,1,0,102,3,4,5,0,0,0,13,0,2,0,,1,1,5,6,1,0,1,0,7,5,50,12,0,10,0,1,4,,1,,2,0,1,1
,Heerenveen,6,6,0,0,12,1,0,1,72,0,0,7,6,1,1,0,6,1,8,,,9,158,3,1,3,,9,5,3,2,130,5,28,1,0,0,3,5,0,9,9,,9,3,61,131,0,1,171,1,78,0,61,6,2,17,3,0,4,,10,,102,0,3,3
,Hoogeveen,16,2,0,1,66,2,2,0,0,0,8,90,0,12,0,1,69,0,1,,,0,173,0,3,1,10,,6,0,3,27,0,0,3,0,0,4,0,0,53,79,,25,7,3,4,6,0,1,0,6,11,8,0,6,4,4,2,0,,26,,6,2,140,0
,Hoogezand-Sappemeer,23,3,3,14,26,2,7,0,4,2,14,4,0,17,2,4,17,0,1,,,0,379,1,25,1,1,7,,1,15,16,0,2,0,10,7,5,0,37,8,8,,15,50,2,2,11,0,6,59,13,15,4,1,44,3,80,8,0,,4,,1,11,2,8
,Kollumerland en Nieuwkruisland,1,56,1,0,2,0,0,0,6,0,0,1,60,0,32,2,0,8,2,,,0,41,3,0,0,7,0,0,,2,32,0,0,0,0,3,1,1,0,0,0,,1,1,0,2,0,4,3,2,21,0,6,0,0,17,2,0,0,,0,,2,1,0,9
,Leek,0,2,1,4,15,1,1,0,0,0,3,0,0,5,8,1,4,2,2,,,1,248,24,9,0,3,1,6,10,,13,0,3,0,0,1,75,0,7,0,7,,96,9,5,13,2,0,1,2,19,6,11,2,15,9,3,2,1,,0,,2,1,0,36
,Leeuwarden,10,56,42,13,46,6,3,68,187,2,5,9,64,10,81,5,45,47,151,,,8,399,9,19,73,132,16,18,35,17,,176,19,44,1,5,5,133,1,30,19,,28,14,40,78,7,1,42,3,200,10,265,34,35,268,7,13,14,,16,,52,2,7,22
,Leeuwarderadeel,1,2,4,0,0,0,0,18,5,0,0,0,0,0,1,0,0,26,14,,,1,30,0,0,6,5,0,0,1,0,227,,2,4,0,0,0,3,0,2,0,,0,0,2,0,0,0,0,0,10,0,11,2,7,12,1,0,2,,1,,2,0,0,5
,Lemsterland,1,0,0,0,3,0,1,1,9,0,0,4,0,0,0,0,1,4,2,,,31,49,0,0,1,50,1,0,0,0,22,0,,2,0,0,1,0,0,3,0,,0,0,1,5,0,0,36,0,5,0,35,1,1,0,0,0,0,,1,,10,0,0,0
,Littenseradiel,0,0,0,0,0,0,0,5,13,0,0,0,4,0,3,0,0,0,24,,,1,41,0,0,4,6,1,1,5,1,55,3,2,,0,0,0,12,0,0,1,,0,0,4,1,0,0,8,0,2,0,113,2,0,8,1,1,1,,0,,1,0,0,0
,Loppersum,2,0,0,30,4,29,0,0,0,21,0,0,0,52,0,32,3,1,0,,,0,115,0,4,1,0,2,5,0,3,4,0,0,1,,6,7,1,0,0,5,,2,12,2,0,2,0,0,11,1,2,1,0,8,0,4,0,0,,0,,1,13,0,1
,De Marne,7,3,0,0,11,21,1,1,1,1,2,1,0,2,5,24,1,0,1,,,0,105,3,5,8,2,1,10,2,9,7,0,0,0,3,,1,0,2,0,16,,0,5,0,1,0,2,0,6,2,0,0,1,3,0,0,0,0,,0,,0,93,0,6
,Marum,3,12,0,1,4,1,6,0,0,0,9,0,0,1,1,0,2,0,0,,,0,83,29,5,0,0,4,3,2,81,9,0,0,0,1,0,,0,0,0,3,,23,6,11,13,1,0,1,0,26,0,2,1,5,0,1,1,0,,2,,1,4,1,12
,Menameradiel,0,9,2,0,0,0,0,34,12,0,0,0,0,0,2,0,0,5,37,,,0,30,3,0,12,8,0,1,1,0,173,18,0,22,0,0,3,,0,0,2,,7,0,2,7,0,0,6,0,9,0,23,3,2,16,0,0,0,,1,,1,0,0,0
,Menterwolde,6,0,1,4,9,1,6,0,2,1,3,1,0,5,0,1,11,0,0,,,0,55,0,3,0,0,2,55,0,5,4,0,2,0,1,1,1,0,,2,5,,4,55,0,1,20,0,0,18,3,10,0,1,12,0,125,2,0,,5,,2,0,0,6
,Meppel,3,0,2,0,16,0,0,0,1,0,2,0,0,0,0,0,20,0,2,,,0,93,0,0,1,4,38,3,2,1,29,2,2,0,0,2,0,2,0,,7,,5,0,6,1,0,0,3,0,2,2,4,0,3,0,2,1,0,,54,,16,0,107,0
,Midden-Drenthe,16,1,0,1,263,0,4,0,6,0,16,38,0,1,1,2,39,0,0,,,1,173,1,4,0,5,87,5,2,7,17,0,0,1,2,2,1,0,0,13,,,19,5,35,1,0,0,4,3,6,5,1,0,12,0,2,5,0,,22,,5,9,27,4
,Midden-Groningen,,,,,,,,,,,,,,,,,,,,,,,,,,,,,,,,,,,,,,,,,,,,,,,,,,,,,,,,,,,,,,,,,,,
,Noordenveld,18,2,1,1,78,5,0,1,0,4,4,5,2,0,2,4,16,0,3,,,0,360,8,18,0,6,4,10,3,68,34,0,1,0,1,3,12,0,1,2,26,,,8,20,8,0,0,1,3,9,9,4,2,62,2,6,2,1,,5,,2,2,1,13
,Oldambt,20,0,1,14,31,15,115,0,3,7,10,5,1,41,0,3,31,1,0,,,1,284,3,10,0,2,3,44,1,4,21,0,0,0,6,6,4,1,37,2,11,,10,,1,5,128,1,0,24,7,46,2,3,16,4,102,38,0,,0,,0,9,3,4
,Ooststellingwerf,4,16,3,0,56,2,0,0,4,1,5,14,3,1,6,0,5,1,9,,,0,135,1,4,2,40,2,0,0,13,54,1,1,2,0,0,8,5,0,6,42,,21,1,,58,0,0,6,2,66,0,17,4,4,9,5,2,0,,21,,50,1,7,3
,Opsterland,2,15,1,0,4,0,0,2,17,0,0,0,5,1,4,2,1,4,7,,,9,125,10,1,1,157,3,3,7,8,68,4,1,1,3,1,9,10,0,1,0,,10,4,60,,0,0,42,1,238,9,23,3,5,14,2,1,3,,8,,18,0,0,2
,Pekela,10,0,0,1,4,0,26,0,3,2,11,13,0,4,1,3,19,0,2,,,1,79,1,5,2,0,3,18,0,0,4,0,2,0,0,0,4,7,19,4,3,,1,153,5,0,,0,1,4,0,43,8,0,8,3,65,26,1,,0,,0,5,1,6
,Schiermonnikoog,0,0,0,0,0,1,0,0,0,0,0,0,1,1,3,0,0,0,0,,,1,20,1,2,4,0,0,0,2,0,2,0,0,0,0,6,0,0,0,0,0,,0,0,0,0,0,,0,0,0,0,0,0,1,1,0,0,0,,0,,0,4,0,1
,Skarsterlân,0,0,1,0,2,0,1,2,30,5,0,1,2,0,3,1,5,3,11,,,18,122,0,1,2,181,0,0,2,0,50,1,22,5,0,0,0,1,0,1,4,,5,1,3,28,0,0,,0,21,1,90,2,1,7,0,0,0,,2,,14,0,3,0
,Slochteren,7,2,1,28,7,7,2,0,2,6,3,1,1,36,0,2,4,0,0,,,0,174,0,12,0,2,2,89,0,5,7,0,0,0,8,0,0,0,17,1,6,,9,31,0,1,1,1,0,,2,4,1,1,14,0,11,1,0,,3,,0,4,0,4
,Smallingerland,2,91,2,0,16,5,0,15,24,3,15,4,25,2,26,3,10,6,7,,,3,309,26,10,18,76,5,5,12,20,227,10,5,4,4,9,20,8,2,14,8,,15,6,63,250,0,2,22,4,,1,42,4,14,107,5,14,2,,6,,18,0,9,4
,Stadskanaal,43,0,0,0,24,7,29,0,4,2,182,12,7,15,5,6,89,0,1,,,0,172,1,5,2,5,30,25,0,6,14,1,2,0,1,2,0,0,7,3,13,,4,68,1,0,45,0,0,9,1,,2,0,12,7,57,103,0,,3,,3,2,3,4
,Súdwest-Fryslân,3,4,0,0,14,0,0,5,60,2,2,4,11,0,19,0,11,9,59,,,75,273,1,3,81,78,3,6,4,4,274,6,40,70,0,1,2,8,1,4,4,,4,11,5,25,4,0,84,1,77,2,,19,4,37,3,0,7,,3,,20,0,1,0
,Terschelling,5,0,0,0,2,0,0,1,3,0,2,1,1,2,3,2,3,0,8,,,1,18,0,1,33,3,1,1,6,0,34,1,1,2,0,0,0,3,0,0,1,,6,4,2,0,0,0,1,1,9,3,12,,3,3,0,2,1,,0,,0,0,1,0
,Tynaarlo,80,1,0,0,100,0,2,1,2,1,12,5,1,7,0,6,36,0,5,,,0,563,3,76,1,3,11,44,0,10,30,1,1,0,6,3,8,0,2,1,10,,61,21,8,5,6,0,2,5,7,8,4,0,,3,18,4,0,,8,,1,2,3,2
,Tytsjerksteradiel,1,71,1,2,1,0,0,17,18,0,1,4,76,2,22,0,1,11,12,,,3,69,7,2,6,17,0,0,14,12,314,13,0,4,4,0,4,8,0,2,0,,4,5,15,26,0,0,6,0,137,6,55,4,1,,2,5,2,,1,,5,0,0,3
,Veendam,33,0,1,2,37,5,18,1,1,1,11,5,0,22,0,3,23,0,1,,,0,217,3,7,0,0,8,76,1,9,18,1,0,0,5,1,0,0,99,0,5,,4,83,6,0,53,0,3,9,2,55,9,0,21,0,,17,0,,0,,1,0,1,10
,Vlagtwedde,10,0,0,1,11,2,21,0,1,4,43,10,0,5,2,0,101,0,1,,,0,97,0,3,1,5,14,2,0,3,12,0,0,0,1,0,0,0,1,0,5,,34,46,0,2,15,0,0,0,5,92,2,0,11,7,10,,0,,5,,2,0,2,0
,Vlieland,4,0,0,0,0,0,0,0,1,0,1,0,0,0,3,0,0,0,5,,,0,7,0,2,7,4,0,0,0,1,25,1,1,1,0,2,0,1,0,0,0,,1,0,0,2,0,0,0,0,6,0,6,1,0,1,0,0,,,0,,0,0,0,0
,Waadhoeke,,,,,,,,,,,,,,,,,,,,,,,,,,,,,,,,,,,,,,,,,,,,,,,,,,,,,,,,,,,,,,,,,,,
,Westerveld,7,3,0,0,23,0,0,0,2,0,6,5,0,0,1,0,22,0,1,,,6,75,0,0,4,13,25,4,1,0,15,1,0,0,0,0,0,1,1,72,31,,7,3,19,2,0,0,4,0,5,2,5,1,1,2,1,2,0,,,,19,0,35,0
,Westerwolde,,,,,,,,,,,,,,,,,,,,,,,,,,,,,,,,,,,,,,,,,,,,,,,,,,,,,,,,,,,,,,,,,,,
,Weststellingwerf,1,6,1,2,9,0,0,1,8,0,1,1,0,0,4,0,7,2,1,,,1,64,1,1,6,96,2,0,1,0,54,0,9,3,0,0,0,6,0,19,1,,0,2,34,15,0,0,12,1,19,1,14,2,0,8,0,0,0,,37,,,0,3,1
,Winsum,6,5,1,5,6,16,0,1,0,6,3,1,1,3,0,29,4,0,2,,,1,203,6,9,1,0,1,6,0,2,10,0,0,0,10,50,0,0,6,0,6,,4,7,1,0,0,2,0,2,5,1,1,1,19,1,3,0,0,,6,,0,,0,14
,De Wolden,2,1,0,0,19,0,0,0,0,1,2,10,0,1,0,0,18,1,0,,,0,75,0,0,1,2,148,0,0,1,6,0,0,0,0,1,0,0,1,134,34,,7,0,7,0,0,1,0,0,1,1,1,4,2,1,0,0,0,,56,,6,0,,0
,Zuidhorn,4,8,1,2,20,6,2,0,6,2,4,3,0,4,1,4,2,0,0,,,2,270,75,12,0,0,1,4,5,31,8,3,0,0,1,17,11,0,2,1,4,,18,3,4,0,0,2,0,4,7,1,0,0,7,3,10,0,1,,4,,0,6,0,
,,,,,,,,,,,,,,,,,,,,,,,,,,,,,,,,,,,,,,,,,,,,,,,,,,,,,,,,,,,,,,,,,,,,
,,,,,,,,,,,,,,,,,,,,,,,,,,,,,,,,,,,,,,,,,,,,,,,,,,,,,,,,,,,,,,,,,,,,
https://opendata.cbs.nl/statline/#/CBS/nl/dataset/81734NED/table?ts=1577105596483,,,,,,,,,,,,,,,,,,,,,,,,,,,,,,,,,,,,,,,,,,,,,,,,,,,,,,,,,,,,,,,,,,,,
2014 tussen gemeenten verhuisde personen,regio van vestiging,,,,,,,,,,,,,,,,,,,,,,,,,,,,,,,,,,,,,,,,,,,,,,,,,,,,,,,,,,,,,,,,,,,
,Gemeentes,Aa en Hunze,Achtkarspelen,Ameland,Appingedam,Assen,Bedum,Bellingwedde,het Bildt,Boarnsterhim,Ten Boer,Borger-Odoorn,Coevorden,Dantumadiel,Delfzijl,Dongeradeel,Eemsmond,Emmen,Ferwerderadiel,Franekeradeel,De Friese Meren,De Fryske Marren,Gaasterlân-Sleat,Groningen,Grootegast,Haren,Harlingen,Heerenveen,Hoogeveen,Hoogezand-Sappemeer,Kollumerland en Nieuwkruisland,Leek,Leeuwarden,Leeuwarderadeel,Lemsterland,Littenseradiel,Loppersum,De Marne,Marum,Menameradiel,Menterwolde,Meppel,Midden-Drenthe,Midden-Groningen,Noordenveld,Oldambt,Ooststellingwerf,Opsterland,Pekela,Schiermonnikoog,Skarsterlân,Slochteren,Smallingerland,Stadskanaal,Súdwest-Fryslân,Terschelling,Tynaarlo,Tytsjerksteradiel,Veendam,Vlagtwedde,Vlieland,Waadhoeke,Westerveld,Westerwolde,Weststellingwerf,Winsum,De Wolden,Zuidhorn
regio van aankomst,Aa en Hunze,,0,0,1,155,0,2,0,,1,73,13,1,1,0,2,40,0,2,0,,,226,2,17,0,0,20,25,0,1,10,0,,2,0,6,4,0,11,7,16,,9,23,4,1,12,0,,6,6,69,2,0,77,1,56,5,0,,4,,0,2,2,3
,Achtkarspelen,0,,0,1,4,1,0,1,,0,0,5,41,0,18,2,2,2,0,4,,,78,40,0,6,25,1,1,79,6,61,4,,1,1,4,6,0,0,3,0,,7,3,10,19,0,0,,1,145,1,7,5,5,77,2,0,1,,0,,5,0,0,2
,Ameland,0,0,,0,5,1,0,2,,0,0,0,4,0,9,0,1,2,1,0,,,7,3,1,2,2,1,0,3,0,58,0,,2,0,0,0,0,0,0,2,,0,0,0,0,0,2,,0,1,0,5,0,1,3,0,0,0,,0,,2,1,0,0
,Appingedam,3,0,0,,6,3,0,0,,14,4,3,0,184,0,7,0,0,1,0,,,106,0,3,2,1,3,10,0,2,8,0,,0,39,0,0,0,7,0,6,,6,9,0,0,0,0,,31,2,1,3,0,4,0,6,2,0,,0,,0,3,0,1
,Assen,142,2,1,2,,6,7,1,,6,35,21,0,13,2,8,91,0,1,5,,,540,5,19,3,17,74,31,0,21,36,0,,0,5,11,7,0,4,25,244,,96,18,65,3,5,1,,7,16,30,6,2,102,7,33,12,2,,27,,7,5,24,9
,Bedum,6,1,0,2,12,,2,0,,24,0,0,0,4,2,20,3,0,0,0,,,190,5,2,0,1,1,10,0,1,3,0,,1,19,10,0,0,1,0,6,,3,1,2,1,3,1,,13,1,5,6,0,5,0,11,4,1,,0,,1,25,1,19
,Bellingwedde,1,2,0,2,6,0,,3,,0,7,0,8,9,0,1,12,0,0,2,,,60,1,1,0,0,3,4,7,0,10,0,,0,0,0,0,0,5,0,1,,5,119,0,0,46,0,,5,0,32,0,0,0,1,19,30,0,,1,,0,0,0,0
,het Bildt,0,3,0,0,0,2,0,,,0,0,0,1,0,9,0,0,12,42,4,,,20,0,1,10,10,0,0,11,0,135,40,,9,0,1,1,49,0,1,2,,2,5,6,0,0,0,,0,7,0,36,3,0,17,0,0,1,,0,,2,1,0,0
,Boarnsterhim,,,,,,,,,,,,,,,,,,,,,,,,,,,,,,,,,,,,,,,,,,,,,,,,,,,,,,,,,,,,,,,,,,,
,Ten Boer,2,1,1,6,6,9,1,0,,,0,0,0,7,0,7,0,0,0,2,,,135,0,8,0,0,4,3,2,3,1,0,,0,33,13,4,0,1,1,1,,4,0,1,0,1,0,,6,1,1,0,0,0,0,0,0,0,,2,,0,7,1,11
,Borger-Odoorn,42,2,1,1,32,2,13,0,,0,,51,0,5,0,4,196,0,1,0,,,177,0,4,1,0,8,6,0,4,12,0,,0,1,2,7,0,3,3,11,,5,5,3,2,7,0,,2,6,225,1,0,7,2,16,25,0,,2,,0,1,10,4
,Coevorden,10,12,0,0,29,2,0,0,,0,38,,3,4,1,2,366,0,1,2,,,122,1,3,0,6,124,3,6,0,13,0,,0,0,0,0,0,1,8,34,,6,9,2,4,3,0,,2,7,5,5,0,4,13,2,16,0,,7,,7,2,20,0
,Dantumadiel,4,32,2,0,0,0,0,2,,0,0,0,,1,102,0,1,12,7,4,,,36,3,1,2,4,4,0,54,1,76,9,,2,0,0,0,2,0,0,3,,0,0,3,7,0,1,,0,24,0,5,2,2,82,1,0,1,,0,,1,0,0,1
,Delfzijl,10,3,1,229,27,11,13,1,,18,0,2,0,,0,32,14,4,2,9,,,291,2,15,7,11,2,46,6,9,18,1,,3,42,11,6,6,13,1,10,,10,80,1,2,9,0,,29,2,12,29,1,7,1,40,16,0,,6,,1,9,2,14
,Dongeradeel,0,19,7,0,3,4,0,4,,0,6,0,139,1,,6,7,39,6,4,,,68,1,1,5,7,2,4,45,0,102,5,,2,0,10,1,0,0,1,2,,3,7,4,19,0,1,,0,37,3,21,2,0,45,0,0,0,,0,,1,0,1,5
,Eemsmond,2,0,1,10,7,9,9,0,,2,3,0,0,45,1,,3,2,2,0,,,146,3,6,0,1,1,10,0,3,7,0,,0,42,20,5,0,0,3,2,,5,10,0,0,1,3,,8,7,5,5,0,6,2,1,0,0,,0,,0,38,0,9
,Emmen,46,5,1,5,74,3,3,0,,1,163,311,0,6,7,2,,0,4,7,,,432,2,4,1,11,75,14,2,6,53,0,,2,4,2,2,3,7,15,23,,19,15,12,3,6,0,,2,8,36,23,3,21,5,21,103,1,,11,,9,1,13,6
,Ferwerderadiel,0,2,2,0,0,0,0,18,,0,0,0,10,2,44,0,0,,5,3,,,18,0,0,3,11,0,0,0,0,81,30,,6,0,0,1,11,0,0,0,,1,0,0,6,0,2,,0,14,0,9,0,1,21,0,0,0,,0,,4,0,0,0
,Franekeradeel,1,3,1,0,6,0,0,40,,0,1,1,10,0,4,1,8,7,,13,,,49,0,0,86,21,3,9,2,0,161,9,,24,0,0,0,45,0,0,0,,3,0,7,5,0,0,,0,25,0,61,4,7,18,2,0,3,,3,,4,0,0,0
,De Friese Meren,6,5,0,0,4,0,0,3,,0,1,0,3,0,2,0,11,3,16,,,,196,0,8,12,256,3,5,3,1,146,1,,2,3,0,0,2,0,3,3,,4,2,21,37,0,0,,0,32,0,245,6,7,10,1,2,4,,3,,46,1,1,4
,De Fryske Marren,,,,,,,,,,,,,,,,,,,,,,,,,,,,,,,,,,,,,,,,,,,,,,,,,,,,,,,,,,,,,,,,,,,
,Gaasterlân-Sleat,,,,,,,,,,,,,,,,,,,,,,,,,,,,,,,,,,,,,,,,,,,,,,,,,,,,,,,,,,,,,,,,,,,
,Groningen,202,42,5,71,451,182,45,9,,135,95,77,26,153,53,80,256,13,37,106,,,,59,630,31,162,120,342,25,257,349,28,,29,121,78,65,25,72,88,117,,365,188,81,90,34,12,,232,203,92,180,14,713,47,157,49,8,,54,,27,170,52,289
,Grootegast,0,44,1,1,11,7,6,0,,0,3,0,1,0,4,0,2,0,3,0,,,90,,3,0,7,0,4,4,30,14,0,,0,0,5,50,1,0,1,2,,18,4,8,9,0,0,,0,30,6,2,0,5,3,0,3,0,,0,,0,0,1,66
,Haren,10,1,0,0,40,2,3,0,,0,0,2,0,9,0,1,5,0,3,2,,,478,1,,1,2,4,15,0,13,11,1,,0,2,1,1,2,6,0,2,,19,3,4,1,1,0,,10,3,5,1,3,104,2,5,5,0,,2,,0,5,2,5
,Harlingen,0,5,1,1,0,0,0,16,,0,0,0,3,0,6,3,1,3,65,7,,,40,0,0,,8,0,1,2,1,95,2,,5,0,2,0,10,0,0,0,,1,0,5,2,0,0,,0,9,2,62,16,2,9,0,1,9,,1,,3,0,0,2
,Heerenveen,2,18,1,0,13,1,0,0,,0,0,4,4,0,5,1,7,4,17,208,,,205,4,0,9,,9,2,4,5,217,6,,6,1,1,0,10,0,14,1,,5,0,58,173,0,0,,1,80,0,97,5,6,26,1,1,3,,20,,121,2,2,2
,Hoogeveen,11,2,1,1,44,0,0,2,,2,16,81,3,1,4,1,82,3,1,3,,,180,0,8,2,4,,7,0,0,26,0,,0,0,1,1,2,3,42,85,,11,7,8,5,1,0,,1,6,11,13,2,10,0,5,3,0,,34,,9,0,185,0
,Hoogezand-Sappemeer,10,0,0,15,30,3,8,3,,1,16,4,0,23,0,2,11,0,1,7,,,342,0,21,0,2,3,,0,16,26,0,,1,5,1,4,0,69,0,7,,15,60,1,9,20,0,,71,13,6,1,0,39,0,69,3,0,,0,,0,6,1,7
,Kollumerland en Nieuwkruisland,0,68,1,2,0,0,0,3,,1,0,3,86,0,48,0,0,7,5,5,,,39,2,6,0,2,0,2,,2,55,1,,1,2,4,2,4,0,0,0,,1,0,1,2,3,2,,0,23,1,6,0,0,50,1,0,0,,2,,0,1,0,11
,Leek,3,4,0,2,14,2,3,1,,1,4,4,3,12,0,3,5,0,2,3,,,271,54,8,1,5,0,19,3,,22,0,,0,3,5,99,1,4,1,9,,159,7,22,8,0,0,,2,20,1,1,3,16,6,3,1,0,,4,,0,2,0,38
,Leeuwarden,10,49,53,6,37,1,5,77,,2,6,10,49,14,71,3,47,47,114,96,,,514,11,14,76,273,26,19,30,16,,159,,96,9,6,5,151,3,30,19,,43,9,43,80,4,3,,4,232,11,325,41,26,355,6,3,14,,14,,54,9,9,18
,Leeuwarderadeel,0,2,2,0,0,0,0,28,,1,0,1,1,0,5,0,0,18,8,4,,,21,0,1,8,17,1,0,1,1,201,,,3,0,0,0,20,0,0,0,,2,1,1,7,0,0,,0,10,0,12,6,1,11,0,0,0,,0,,3,0,0,1
,Lemsterland,,,,,,,,,,,,,,,,,,,,,,,,,,,,,,,,,,,,,,,,,,,,,,,,,,,,,,,,,,,,,,,,,,,
,Littenseradiel,0,1,2,0,0,0,0,3,,0,0,0,2,0,5,0,0,0,23,9,,,33,0,0,5,24,0,0,1,0,94,1,,,0,0,0,21,0,1,0,,0,0,2,10,0,0,,0,7,0,114,1,0,12,0,0,2,,4,,3,1,0,1
,Loppersum,2,0,1,66,11,15,0,0,,19,4,1,0,26,0,43,6,0,0,0,,,137,0,4,0,1,1,5,0,3,3,0,,0,,5,0,0,2,0,0,,10,8,1,0,1,0,,7,0,3,2,0,11,1,0,3,0,,0,,0,6,0,4
,De Marne,1,1,0,5,4,14,0,0,,1,1,0,3,4,7,29,10,2,1,0,,,111,2,3,2,0,2,7,3,3,11,0,,0,6,,1,0,0,0,3,,4,4,7,2,1,0,,2,3,1,2,0,4,0,1,0,2,,0,,1,73,0,21
,Marum,1,8,0,3,7,0,0,0,,0,0,0,1,0,0,1,0,0,0,0,,,95,60,3,0,6,0,3,1,84,8,0,,0,0,1,,0,0,0,1,,26,3,8,15,0,0,,0,48,2,1,2,3,1,2,1,0,,0,,0,0,0,14
,Menameradiel,0,1,3,0,0,0,5,52,,3,0,0,9,0,1,0,2,2,41,4,,,28,0,0,7,5,0,0,1,0,186,24,,19,0,0,1,,0,0,3,,0,1,2,8,0,1,,2,10,0,18,1,0,21,2,0,0,,1,,5,0,2,0
,Menterwolde,11,0,1,4,6,2,11,0,,7,3,4,0,7,0,0,7,4,0,1,,,102,0,1,0,0,1,44,0,5,5,0,,0,0,1,1,1,,0,0,,6,45,3,0,12,0,,27,0,5,2,0,6,1,131,4,0,,0,,0,3,0,5
,Meppel,5,0,0,0,14,0,0,0,,0,0,5,0,3,1,0,25,0,3,3,,,98,0,3,1,20,44,0,0,1,23,0,,1,0,1,0,0,1,,18,,1,0,6,2,1,0,,0,2,2,7,3,2,0,0,2,0,,91,,8,0,127,0
,Midden-Drenthe,22,4,2,1,233,0,0,0,,1,10,37,3,0,1,0,47,0,4,4,,,169,3,5,0,2,103,4,3,11,21,0,,0,2,0,1,0,2,12,,,18,2,34,1,0,0,,4,10,6,4,0,17,10,4,2,0,,44,,5,5,25,0
,Midden-Groningen,,,,,,,,,,,,,,,,,,,,,,,,,,,,,,,,,,,,,,,,,,,,,,,,,,,,,,,,,,,,,,,,,,,
,Noordenveld,28,5,1,4,108,4,5,0,,6,11,8,0,4,3,1,11,0,5,1,,,357,11,25,0,4,5,14,1,109,31,2,,1,1,2,12,0,2,2,28,,,8,30,9,2,2,,7,16,14,1,0,63,5,15,5,0,,7,,3,4,4,18
,Oldambt,20,1,1,17,23,2,113,1,,1,7,11,0,53,0,7,29,1,0,2,,,253,3,8,1,2,11,52,4,15,16,0,,0,10,6,2,1,25,4,5,,7,,4,2,123,1,,22,6,50,3,1,14,1,82,34,1,,0,,1,10,2,4
,Ooststellingwerf,2,9,0,1,57,3,1,3,,0,7,5,1,3,2,1,11,1,0,13,,,163,0,2,1,56,10,3,4,15,67,1,,0,3,3,19,0,1,5,29,,21,1,,48,4,2,,1,74,2,12,3,4,9,1,0,0,,29,,71,6,6,4
,Opsterland,1,22,1,5,5,0,0,2,,1,2,1,6,2,6,0,1,0,4,41,,,129,4,6,3,168,7,5,2,8,68,4,,4,0,2,14,1,1,5,2,,14,5,78,,1,0,,0,261,0,25,1,2,23,1,1,2,,7,,26,0,0,4
,Pekela,6,0,0,4,12,7,60,0,,0,11,1,0,15,0,0,8,0,0,5,,,92,0,1,0,2,1,16,0,3,6,0,,0,1,13,1,0,13,0,0,,4,181,2,1,,0,,2,6,62,1,0,4,0,63,21,1,,0,,0,0,0,2
,Schiermonnikoog,0,0,0,0,0,0,0,0,,0,0,0,1,0,6,5,1,1,0,0,,,17,0,1,0,0,0,1,2,1,5,0,,0,0,0,0,0,0,0,0,,0,0,1,0,0,,,1,4,0,0,1,1,2,0,0,0,,0,,0,1,1,0
,Skarsterlân,,,,,,,,,,,,,,,,,,,,,,,,,,,,,,,,,,,,,,,,,,,,,,,,,,,,,,,,,,,,,,,,,,,
,Slochteren,11,0,1,21,6,6,2,0,,13,8,0,0,22,1,4,2,0,0,3,,,187,3,14,0,0,3,109,1,1,5,0,,0,6,2,0,0,24,0,1,,4,19,1,3,4,1,,,3,2,5,1,10,1,17,1,0,,1,,0,0,2,7
,Smallingerland,17,111,5,1,30,0,1,12,,0,4,8,31,3,29,1,22,14,15,45,,,282,29,1,13,102,34,6,21,17,234,9,,11,0,5,12,4,4,19,5,,26,13,70,273,0,1,,3,,0,41,2,12,149,4,2,3,,6,,24,0,16,11
,Stadskanaal,41,0,0,1,41,2,13,0,,1,176,12,0,12,0,3,85,0,1,9,,,211,1,11,1,4,7,28,0,6,15,0,,0,0,3,5,0,15,1,1,,12,38,3,0,82,2,,3,8,,6,1,11,6,63,109,0,,5,,0,6,5,3
,Súdwest-Fryslân,1,16,1,0,8,2,1,16,,0,10,2,7,0,7,0,6,5,85,234,,,276,1,0,74,93,5,0,6,2,373,10,,88,1,1,0,14,2,9,4,,3,6,24,21,0,0,,0,76,5,,27,5,27,1,0,8,,9,,29,0,3,5
,Terschelling,0,2,0,0,3,0,0,1,,0,2,0,0,1,1,0,2,1,5,11,,,23,0,1,19,5,0,1,0,0,48,1,,2,1,0,0,1,1,2,0,,0,3,3,0,0,1,,3,6,2,19,,2,4,0,0,1,,0,,0,2,0,1
,Tynaarlo,96,3,1,2,119,0,6,0,,2,10,5,0,11,1,7,31,0,6,6,,,535,0,108,0,5,6,33,1,13,33,0,,0,3,2,2,0,6,3,30,,90,8,7,1,5,1,,8,14,11,3,1,,1,14,2,0,,3,,1,5,2,8
,Tytsjerksteradiel,0,112,2,1,0,4,0,2,,0,0,3,107,0,39,8,8,4,26,20,,,73,0,0,7,27,5,2,17,12,309,15,,14,0,6,2,8,0,3,9,,3,0,21,33,0,2,,0,135,0,31,3,5,,0,2,3,,6,,5,2,4,5
,Veendam,24,2,0,5,43,3,19,0,,1,11,4,0,24,0,1,16,0,0,2,,,226,3,12,0,1,12,59,0,4,15,0,,0,3,5,1,1,132,2,10,,14,65,1,1,73,0,,16,4,53,2,0,14,0,,7,0,,0,,0,1,0,1
,Vlagtwedde,20,2,0,1,8,1,39,31,,0,30,16,0,12,3,0,84,2,0,4,,,83,1,9,1,2,7,7,0,0,8,0,,0,1,1,2,1,3,1,3,,5,29,6,0,30,0,,0,26,103,1,0,5,0,21,,0,,14,,0,4,0,4
,Vlieland,2,0,0,0,0,0,0,1,,0,1,0,3,0,2,0,1,0,8,2,,,10,0,0,9,4,0,0,0,0,19,0,,0,0,0,0,0,0,0,0,,0,0,5,0,0,0,,0,2,0,7,2,4,1,0,0,,,0,,1,2,0,0
,Waadhoeke,,,,,,,,,,,,,,,,,,,,,,,,,,,,,,,,,,,,,,,,,,,,,,,,,,,,,,,,,,,,,,,,,,,
,Westerveld,4,0,0,0,27,2,0,0,,1,3,12,0,3,2,0,23,0,1,3,,,83,3,5,3,18,43,4,0,3,18,0,,0,0,0,1,0,0,107,19,,3,4,25,2,0,0,,2,1,1,2,2,0,0,1,4,1,,,,41,0,42,0
,Westerwolde,,,,,,,,,,,,,,,,,,,,,,,,,,,,,,,,,,,,,,,,,,,,,,,,,,,,,,,,,,,,,,,,,,,
,Weststellingwerf,1,4,0,4,8,0,0,1,,0,1,5,0,0,1,0,2,1,2,17,,,63,0,3,5,75,2,0,2,2,76,1,,0,1,0,5,1,0,16,3,,3,0,53,22,0,0,,0,16,0,15,1,0,6,1,0,1,,37,,,1,2,0
,Winsum,1,0,0,1,12,28,1,0,,4,0,0,1,2,1,29,3,1,0,0,,,203,0,7,0,1,2,6,5,7,9,0,,0,7,62,0,0,2,0,6,,18,11,1,0,0,1,,0,0,2,0,1,12,1,1,2,2,,1,,0,,2,12
,De Wolden,4,0,0,0,11,0,2,0,,2,1,15,0,0,0,0,13,0,0,0,,,86,0,0,0,1,170,2,0,0,15,0,,0,3,0,0,0,0,91,19,,3,1,4,0,0,0,,0,4,1,0,2,4,0,1,2,0,,41,,12,1,,0
,Zuidhorn,5,8,0,3,13,7,0,0,,2,5,3,6,0,3,5,6,1,1,1,,,317,70,12,0,1,0,16,13,42,13,1,,0,2,2,7,0,3,3,3,,33,8,4,4,0,0,,0,12,1,4,0,12,4,11,3,1,,4,,0,24,0,
,,,,,,,,,,,,,,,,,,,,,,,,,,,,,,,,,,,,,,,,,,,,,,,,,,,,,,,,,,,,,,,,,,,,
,,,,,,,,,,,,,,,,,,,,,,,,,,,,,,,,,,,,,,,,,,,,,,,,,,,,,,,,,,,,,,,,,,,,
https://opendata.cbs.nl/statline/#/CBS/nl/dataset/81734NED/table?ts=1577105596483,,,,,,,,,,,,,,,,,,,,,,,,,,,,,,,,,,,,,,,,,,,,,,,,,,,,,,,,,,,,,,,,,,,,
2015 tussen gemeenten verhuisde personen,regio van vestiging,,,,,,,,,,,,,,,,,,,,,,,,,,,,,,,,,,,,,,,,,,,,,,,,,,,,,,,,,,,,,,,,,,,
,Gemeentes,Aa en Hunze,Achtkarspelen,Ameland,Appingedam,Assen,Bedum,Bellingwedde,het Bildt,Boarnsterhim,Ten Boer,Borger-Odoorn,Coevorden,Dantumadiel,Delfzijl,Dongeradeel,Eemsmond,Emmen,Ferwerderadiel,Franekeradeel,De Friese Meren,De Fryske Marren,Gaasterlân-Sleat,Groningen,Grootegast,Haren,Harlingen,Heerenveen,Hoogeveen,Hoogezand-Sappemeer,Kollumerland en Nieuwkruisland,Leek,Leeuwarden,Leeuwarderadeel,Lemsterland,Littenseradiel,Loppersum,De Marne,Marum,Menameradiel,Menterwolde,Meppel,Midden-Drenthe,Midden-Groningen,Noordenveld,Oldambt,Ooststellingwerf,Opsterland,Pekela,Schiermonnikoog,Skarsterlân,Slochteren,Smallingerland,Stadskanaal,Súdwest-Fryslân,Terschelling,Tynaarlo,Tytsjerksteradiel,Veendam,Vlagtwedde,Vlieland,Waadhoeke,Westerveld,Westerwolde,Weststellingwerf,Winsum,De Wolden,Zuidhorn
regio van aankomst,Aa en Hunze,,0,1,6,199,3,9,0,,0,68,16,2,3,2,5,34,0,0,0,,,239,0,14,0,1,6,24,0,4,9,0,,0,1,0,0,0,9,6,38,,21,16,11,0,8,0,,8,2,68,1,2,89,0,55,6,0,,4,,0,2,8,4
,Achtkarspelen,0,,0,0,3,1,0,0,,0,0,1,81,0,22,1,3,2,5,7,,,80,71,1,4,25,0,1,88,4,78,2,,1,0,3,7,8,0,0,3,,5,1,8,21,0,5,,2,136,0,21,6,4,87,1,0,2,,2,,7,0,0,5
,Ameland,2,0,,0,1,0,0,0,,0,0,0,5,0,5,0,0,1,2,0,,,3,0,0,3,1,0,1,1,3,42,0,,0,0,1,0,1,1,0,1,,1,1,5,3,0,1,,0,5,1,1,0,0,1,0,0,0,,1,,1,0,0,0
,Appingedam,4,0,0,,13,8,4,0,,9,0,0,0,198,0,9,1,0,0,0,,,114,0,2,0,0,0,18,1,0,8,0,,1,25,1,0,0,6,0,2,,0,12,0,0,5,0,,29,0,1,1,0,3,0,6,0,0,,0,,0,4,0,1
,Assen,188,1,1,3,,4,4,0,,3,38,37,2,5,1,4,81,1,4,2,,,523,4,28,2,16,48,36,0,17,48,0,,0,3,6,3,1,9,21,269,,90,26,58,15,8,2,,9,27,25,14,2,128,5,31,10,0,,27,,3,4,22,5
,Bedum,2,0,0,2,4,,3,0,,11,4,0,0,3,0,21,0,0,0,1,,,201,0,15,0,3,0,10,0,5,7,0,,0,23,11,0,0,1,0,1,,9,4,4,0,0,0,,16,1,5,1,0,9,1,3,0,0,,0,,3,24,0,17
,Bellingwedde,16,3,0,1,2,2,,2,,0,3,0,1,12,0,0,7,0,4,4,,,59,3,2,0,0,1,8,0,4,5,0,,0,0,0,0,0,10,1,3,,2,144,1,0,25,0,,9,3,26,1,0,2,0,18,34,0,,0,,0,1,0,0
,het Bildt,0,0,0,1,0,0,0,,,0,0,0,4,2,7,0,2,8,30,3,,,19,0,0,2,14,1,2,1,3,95,30,,6,0,0,0,31,0,0,0,,0,0,2,0,0,0,,0,6,0,15,0,2,22,0,0,0,,4,,0,0,0,4
,Boarnsterhim,,,,,,,,,,,,,,,,,,,,,,,,,,,,,,,,,,,,,,,,,,,,,,,,,,,,,,,,,,,,,,,,,,,
,Ten Boer,1,0,0,12,6,14,0,0,,,0,1,0,2,0,6,1,0,0,0,,,158,1,10,0,0,2,7,1,0,4,0,,0,22,5,2,0,5,0,1,,8,2,0,0,0,0,,15,2,2,0,4,11,0,0,0,0,,0,,0,1,0,15
,Borger-Odoorn,64,0,2,1,36,0,2,0,,1,,49,0,0,0,4,246,0,1,2,,,170,1,6,0,0,14,7,1,2,8,0,,0,1,1,1,0,1,2,17,,6,15,3,1,11,0,,4,5,245,2,0,11,1,6,47,0,,3,,0,1,4,5
,Coevorden,12,0,1,0,40,1,5,0,,1,49,,0,1,0,0,397,0,0,3,,,84,0,2,0,5,136,2,0,0,17,1,,0,1,0,1,0,1,6,49,,3,4,1,1,1,0,,0,3,9,3,0,17,13,2,9,0,,8,,1,1,8,0
,Dantumadiel,1,45,5,2,7,0,0,3,,0,0,1,,1,140,1,2,19,6,4,,,45,0,0,7,8,0,1,60,6,52,4,,0,0,0,1,1,0,0,0,,2,0,3,8,1,1,,0,28,0,4,0,1,102,0,1,0,,2,,3,1,1,7
,Delfzijl,11,2,3,251,20,13,12,3,,13,7,1,2,,0,34,24,1,10,45,,,308,11,18,5,7,19,33,1,12,20,4,,5,17,8,5,8,27,7,0,,5,72,2,4,19,0,,43,7,12,30,2,6,5,34,14,1,,0,,7,11,2,21
,Dongeradeel,0,49,10,1,5,0,1,8,,0,0,1,123,1,,0,5,35,5,3,,,71,6,0,2,15,1,2,62,4,99,9,,3,0,5,6,3,0,1,0,,5,0,5,6,1,4,,1,35,0,16,1,2,49,1,2,0,,2,,2,0,0,2
,Eemsmond,9,0,0,17,8,28,1,0,,9,7,4,2,23,0,,3,0,0,0,,,159,0,7,0,0,2,14,0,3,6,0,,0,65,16,1,0,4,0,0,,8,4,2,3,0,0,,3,2,0,1,1,14,1,9,5,0,,7,,0,30,0,6
,Emmen,36,5,3,1,71,0,8,2,,0,186,382,0,11,2,3,,0,1,5,,,391,4,4,4,12,87,7,0,3,32,0,,0,5,2,1,1,6,26,47,,12,22,8,2,6,2,,6,6,63,1,2,39,3,15,136,1,,9,,13,6,11,9
,Ferwerderadiel,0,6,5,0,4,0,0,19,,1,0,0,16,1,35,0,3,,8,6,,,16,0,1,6,10,0,0,5,1,69,34,,0,0,0,0,5,0,2,0,,1,4,1,0,0,0,,0,15,0,4,1,1,15,0,0,0,,2,,0,0,0,5
,Franekeradeel,2,0,6,0,3,0,0,58,,0,2,1,4,0,3,0,3,19,,14,,,52,0,2,99,16,2,0,5,3,208,8,,32,0,3,6,44,1,6,3,,7,0,3,7,1,0,,0,22,0,58,6,5,19,0,1,2,,1,,5,0,0,3
,De Friese Meren,0,10,0,0,1,0,9,3,,0,0,3,4,0,2,1,5,0,8,,,,168,0,4,13,299,4,2,3,0,134,2,,6,0,0,1,5,0,5,2,,3,2,10,35,0,0,,0,36,3,226,6,5,15,1,0,1,,3,,35,1,2,0
,De Fryske Marren,,,,,,,,,,,,,,,,,,,,,,,,,,,,,,,,,,,,,,,,,,,,,,,,,,,,,,,,,,,,,,,,,,,
,Gaasterlân-Sleat,,,,,,,,,,,,,,,,,,,,,,,,,,,,,,,,,,,,,,,,,,,,,,,,,,,,,,,,,,,,,,,,,,,
,Groningen,258,42,9,58,453,200,51,4,,136,120,59,28,150,53,109,272,8,42,118,,,,62,664,39,162,110,370,34,323,373,16,,13,93,71,76,21,68,76,162,,446,193,82,85,33,8,,338,175,106,195,16,829,67,170,38,5,,59,,42,154,53,360
,Grootegast,0,86,0,1,2,0,1,0,,1,0,3,1,2,4,6,0,0,3,3,,,105,,0,0,1,1,5,2,36,3,0,,0,3,3,62,0,0,0,1,,20,1,5,15,1,0,,5,30,0,1,0,3,1,1,0,0,,2,,0,3,0,69
,Haren,27,22,0,1,42,3,9,3,,12,7,21,3,5,3,9,24,2,7,5,,,544,7,,6,30,8,51,3,7,10,0,,5,7,12,7,1,21,8,21,,39,25,6,28,1,0,,27,34,5,19,0,117,10,6,4,0,,8,,13,5,17,11
,Harlingen,0,6,0,0,2,1,0,2,,0,0,0,3,0,4,1,1,1,87,8,,,44,0,0,,9,0,0,0,0,108,1,,3,0,4,0,12,0,1,1,,2,3,2,1,0,0,,0,14,1,63,24,3,11,1,0,4,,3,,3,0,0,0
,Heerenveen,0,17,2,0,9,0,0,2,,2,0,8,9,1,5,2,4,2,33,232,,,175,1,0,6,,8,1,5,8,229,8,,11,1,5,1,6,0,17,4,,4,3,73,188,0,1,,3,88,2,97,4,4,28,1,3,2,,9,,109,0,1,0
,Hoogeveen,11,2,0,0,56,3,3,1,,1,6,72,0,3,1,0,91,2,0,5,,,167,0,7,0,6,,6,0,2,21,0,,0,0,4,6,1,1,59,90,,6,3,15,7,4,1,,4,6,17,5,0,9,0,2,5,1,,39,,2,0,209,1
,Hoogezand-Sappemeer,26,1,1,19,33,11,11,3,,3,10,0,0,20,3,8,13,0,2,4,,,365,5,24,1,2,6,,1,24,15,1,,0,8,4,1,0,57,6,6,,30,62,1,1,5,1,,106,4,24,2,0,80,4,90,4,0,,2,,0,4,2,4
,Kollumerland en Nieuwkruisland,0,53,2,1,0,0,3,0,,0,2,0,75,1,65,0,1,0,5,2,,,52,20,2,0,12,0,0,,0,45,0,,0,0,3,0,1,1,0,2,,1,4,0,7,0,0,,1,10,0,7,4,1,27,2,0,1,,0,,1,0,0,15
,Leek,7,6,0,9,21,9,1,0,,0,5,0,0,2,2,3,4,2,2,0,,,283,41,7,0,7,6,11,5,,18,0,,3,6,8,66,1,2,0,10,,147,4,13,8,0,0,,2,11,4,4,1,16,3,3,1,2,,0,,2,1,1,38
,Leeuwarden,11,70,47,6,32,10,10,89,,2,5,11,59,12,77,2,33,59,167,129,,,469,6,9,70,265,14,15,41,18,,191,,88,4,2,12,166,6,27,19,,40,20,40,81,7,2,,3,198,8,329,31,26,362,13,3,16,,14,,54,1,4,16
,Leeuwarderadeel,0,1,2,0,2,0,0,27,,0,0,0,3,0,3,0,1,26,14,3,,,23,1,0,4,13,0,0,3,0,196,,,2,0,0,0,23,0,0,7,,2,0,0,3,1,0,,0,4,0,4,3,1,13,0,0,4,,0,,1,1,0,0
,Lemsterland,,,,,,,,,,,,,,,,,,,,,,,,,,,,,,,,,,,,,,,,,,,,,,,,,,,,,,,,,,,,,,,,,,,
,Littenseradiel,0,0,0,0,2,0,1,15,,0,1,1,0,0,2,1,3,2,27,21,,,25,0,0,8,20,0,0,1,0,97,5,,,0,0,0,25,0,0,6,,1,0,4,4,0,0,,0,13,0,98,3,0,6,0,0,1,,0,,1,0,0,0
,Loppersum,1,1,0,44,16,17,2,0,,14,0,0,0,45,0,76,5,0,0,0,,,116,7,5,0,0,3,12,0,6,8,0,,0,,6,4,0,9,0,2,,6,14,0,1,0,0,,11,3,0,0,0,8,0,5,1,0,,1,,0,9,2,3
,De Marne,7,0,0,0,1,13,0,0,,6,2,0,2,9,6,34,2,2,0,0,,,96,8,5,2,4,0,5,3,12,8,0,,0,5,,4,0,1,0,4,,4,5,1,0,1,1,,3,7,0,1,0,6,1,1,1,0,,0,,1,63,0,19
,Marum,1,15,0,0,9,0,0,0,,0,1,2,0,0,1,6,1,0,1,4,,,104,65,0,0,2,3,1,1,73,12,0,,0,1,0,,0,0,0,1,,28,0,15,15,0,0,,1,24,0,1,1,0,2,2,0,0,,2,,0,1,0,7
,Menameradiel,0,4,1,0,1,1,0,66,,0,0,1,1,0,1,0,0,5,68,2,,,32,0,1,20,11,2,0,1,0,191,20,,18,0,1,2,,0,0,6,,1,2,1,0,0,0,,0,13,0,13,1,0,11,2,0,0,,1,,3,0,0,1
,Menterwolde,6,0,0,10,9,1,6,0,,0,4,0,0,22,0,5,2,5,0,2,,,74,2,6,0,3,0,66,0,3,3,0,,0,2,0,2,0,,1,2,,5,48,0,0,18,0,,21,5,13,0,0,4,1,138,5,0,,0,,0,3,0,5
,Meppel,9,0,0,0,25,0,0,0,,0,2,15,0,0,0,3,18,0,0,5,,,95,0,2,1,7,50,1,1,1,21,0,,1,0,0,0,0,0,,9,,3,3,1,8,0,0,,0,7,3,4,0,9,0,1,1,0,,61,,13,0,171,0
,Midden-Drenthe,35,3,0,1,256,1,1,1,,0,19,45,2,0,1,0,55,2,7,9,,,204,5,9,2,10,105,8,3,6,32,0,,1,1,0,0,0,2,20,,,24,15,59,6,4,0,,1,8,9,3,2,19,1,7,2,0,,34,,8,2,35,2
,Midden-Groningen,,,,,,,,,,,,,,,,,,,,,,,,,,,,,,,,,,,,,,,,,,,,,,,,,,,,,,,,,,,,,,,,,,,
,Noordenveld,19,4,9,1,108,1,1,0,,3,3,6,2,7,1,2,25,0,6,4,,,424,13,29,0,5,10,18,2,146,26,1,,0,0,3,38,0,7,10,17,,,4,42,14,2,1,,4,8,3,6,2,102,4,12,2,0,,6,,3,9,4,19
,Oldambt,25,1,0,15,21,0,99,0,,1,15,7,1,65,0,9,5,0,2,0,,,284,3,21,5,0,4,53,1,11,20,1,,0,9,1,3,1,63,2,5,,8,,1,2,175,2,,13,3,36,7,0,9,0,105,26,0,,0,,0,3,1,14
,Ooststellingwerf,7,21,0,3,46,1,2,0,,0,5,6,2,0,4,0,6,5,3,13,,,145,3,1,0,44,5,5,1,20,38,2,,0,0,1,9,0,5,8,44,,47,2,,39,2,1,,1,59,3,9,8,12,9,2,1,0,,14,,65,2,9,0
,Opsterland,1,34,0,0,9,0,1,1,,0,4,5,3,1,14,1,4,2,7,30,,,123,5,4,1,207,2,1,7,6,66,2,,3,0,1,6,4,0,1,6,,10,3,90,,0,0,,0,274,2,19,1,4,27,1,0,1,,1,,20,0,2,14
,Pekela,7,0,1,2,13,0,28,1,,1,17,7,0,14,0,3,16,0,0,1,,,58,2,2,0,1,3,14,0,2,5,0,,0,0,1,0,0,18,1,1,,2,167,3,0,,1,,3,1,55,2,0,5,0,62,22,0,,0,,0,1,0,2
,Schiermonnikoog,0,1,0,0,2,0,0,0,,0,0,0,0,0,7,0,0,0,0,0,,,13,0,0,0,2,0,1,0,0,7,0,,0,0,1,0,0,0,0,0,,1,1,6,0,0,,,0,3,2,0,0,0,0,0,0,0,,0,,0,1,0,5
,Skarsterlân,,,,,,,,,,,,,,,,,,,,,,,,,,,,,,,,,,,,,,,,,,,,,,,,,,,,,,,,,,,,,,,,,,,
,Slochteren,10,0,0,38,8,4,1,0,,16,6,0,0,39,0,8,5,0,0,4,,,183,3,24,0,3,5,116,0,10,4,0,,0,5,4,0,0,24,1,3,,5,34,2,0,7,0,,,4,4,0,3,12,0,10,2,0,,2,,0,0,0,7
,Smallingerland,32,162,0,2,43,10,3,5,,2,7,21,21,5,16,4,29,6,24,43,,,346,42,5,13,134,32,2,23,30,258,5,,5,0,5,20,3,0,5,14,,20,2,67,289,1,2,,0,,1,59,3,17,127,2,3,3,,2,,24,0,11,9
,Stadskanaal,55,1,0,1,39,2,19,0,,0,177,25,2,8,5,3,102,0,2,1,,,211,4,4,2,5,5,21,5,10,15,0,,0,1,0,0,0,6,6,9,,8,51,2,6,43,0,,3,2,,5,1,8,0,41,94,0,,0,,1,3,3,3
,Súdwest-Fryslân,8,12,3,0,10,1,1,17,,1,2,3,9,3,9,0,10,4,62,215,,,236,1,0,89,126,7,1,5,8,349,10,,106,4,3,0,22,0,7,11,,3,5,20,50,1,2,,1,65,1,,15,7,42,2,0,5,,7,,19,3,1,0
,Terschelling,1,1,0,0,2,0,0,2,,1,2,0,1,2,5,1,3,0,7,3,,,15,0,2,23,9,2,1,3,4,34,2,,1,0,0,0,4,1,0,1,,2,0,4,0,0,0,,2,3,1,18,,1,5,0,0,0,,0,,1,0,1,5
,Tynaarlo,96,1,1,2,124,1,0,1,,10,16,12,2,15,2,8,27,0,7,3,,,585,6,95,2,3,8,39,0,19,16,0,,0,2,8,9,0,3,3,22,,78,20,4,1,2,0,,10,2,5,8,0,,2,19,2,1,,3,,1,4,0,4
,Tytsjerksteradiel,2,68,4,5,8,1,1,11,,0,2,2,89,0,26,2,5,15,14,10,,,94,9,0,9,26,3,4,33,17,305,9,,4,0,5,3,13,0,4,5,,5,3,6,22,0,1,,2,121,0,41,6,1,,4,1,1,,5,,3,2,0,1
,Veendam,64,1,0,8,33,1,16,0,,2,16,0,1,31,4,3,24,0,0,0,,,213,0,8,0,1,11,62,2,8,12,2,,0,4,8,2,1,147,1,5,,6,80,5,0,53,0,,6,8,57,3,2,30,2,,10,0,,6,,1,3,0,2
,Vlagtwedde,14,4,0,1,12,0,107,64,,0,45,78,2,97,0,2,94,0,0,4,,,87,0,84,2,0,125,4,0,1,7,0,,0,1,3,0,0,2,1,128,,3,40,1,2,100,0,,5,65,282,2,0,6,25,10,,0,,33,,4,0,1,0
,Vlieland,0,1,2,0,1,1,0,1,,0,0,2,0,1,0,0,0,0,5,2,,,5,0,0,8,1,0,1,0,1,22,4,,2,0,0,0,1,0,0,0,,0,0,1,1,0,0,,0,1,0,5,2,1,0,0,0,,,0,,0,0,0,0
,Waadhoeke,,,,,,,,,,,,,,,,,,,,,,,,,,,,,,,,,,,,,,,,,,,,,,,,,,,,,,,,,,,,,,,,,,,
,Westerveld,6,2,0,2,28,0,1,0,,0,3,33,0,1,4,1,20,0,0,2,,,84,0,4,4,6,27,2,0,1,22,0,,0,0,1,0,0,2,81,42,,5,0,32,2,1,0,,0,4,3,8,4,11,0,1,1,0,,,,50,1,43,1
,Westerwolde,,,,,,,,,,,,,,,,,,,,,,,,,,,,,,,,,,,,,,,,,,,,,,,,,,,,,,,,,,,,,,,,,,,
,Weststellingwerf,0,4,1,0,8,0,0,3,,0,2,1,3,0,6,0,7,2,5,25,,,62,0,0,3,107,5,0,1,1,40,1,,1,0,0,1,4,0,16,0,,5,2,40,26,0,0,,0,25,0,23,2,2,9,0,0,0,,49,,,0,6,2
,Winsum,3,0,0,2,12,53,0,0,,2,1,0,1,2,0,32,4,0,1,1,,,207,3,8,0,0,2,8,0,8,12,0,,0,10,76,0,0,0,0,1,,4,3,3,0,1,0,,4,5,2,2,1,3,0,0,3,0,,1,,0,,0,21
,De Wolden,3,0,0,0,18,0,0,0,,0,6,22,0,0,0,0,13,0,2,1,,,66,0,0,0,0,162,0,0,0,14,0,,0,0,0,0,2,0,140,9,,1,1,6,0,5,0,,0,1,1,3,1,6,1,2,0,0,,55,,1,2,,0
,Zuidhorn,6,14,2,2,16,10,3,2,,10,0,2,4,3,2,4,6,0,1,2,,,271,66,6,3,4,0,14,5,53,20,1,,0,7,20,11,0,3,0,0,,24,9,5,4,6,2,,8,9,1,1,0,17,3,1,1,0,,0,,4,19,0,
,,,,,,,,,,,,,,,,,,,,,,,,,,,,,,,,,,,,,,,,,,,,,,,,,,,,,,,,,,,,,,,,,,,,
https://opendata.cbs.nl/statline/#/CBS/nl/dataset/81734NED/table?ts=1577105596483,,,,,,,,,,,,,,,,,,,,,,,,,,,,,,,,,,,,,,,,,,,,,,,,,,,,,,,,,,,,,,,,,,,,
2016 tussen gemeenten verhuisde personen,regio van vestiging,,,,,,,,,,,,,,,,,,,,,,,,,,,,,,,,,,,,,,,,,,,,,,,,,,,,,,,,,,,,,,,,,,,
,Gemeentes,Aa en Hunze,Achtkarspelen,Ameland,Appingedam,Assen,Bedum,Bellingwedde,het Bildt,Boarnsterhim,Ten Boer,Borger-Odoorn,Coevorden,Dantumadiel,Delfzijl,Dongeradeel,Eemsmond,Emmen,Ferwerderadiel,Franekeradeel,De Friese Meren,De Fryske Marren,Gaasterlân-Sleat,Groningen,Grootegast,Haren,Harlingen,Heerenveen,Hoogeveen,Hoogezand-Sappemeer,Kollumerland en Nieuwkruisland,Leek,Leeuwarden,Leeuwarderadeel,Lemsterland,Littenseradiel,Loppersum,De Marne,Marum,Menameradiel,Menterwolde,Meppel,Midden-Drenthe,Midden-Groningen,Noordenveld,Oldambt,Ooststellingwerf,Opsterland,Pekela,Schiermonnikoog,Skarsterlân,Slochteren,Smallingerland,Stadskanaal,Súdwest-Fryslân,Terschelling,Tynaarlo,Tytsjerksteradiel,Veendam,Vlagtwedde,Vlieland,Waadhoeke,Westerveld,Westerwolde,Weststellingwerf,Winsum,De Wolden,Zuidhorn
regio van aankomst,Aa en Hunze,,0,0,1,153,0,3,0,,1,80,4,0,11,1,6,45,0,0,,1,,197,1,17,1,4,5,20,0,6,10,0,,0,2,1,4,1,9,3,46,,16,13,7,2,12,0,,5,2,75,3,2,116,0,61,16,0,,9,,0,6,4,5
,Achtkarspelen,0,,2,0,6,5,1,0,,0,3,7,67,1,39,0,3,4,4,,4,,83,68,6,3,22,0,0,90,3,76,0,,0,0,2,20,8,2,2,5,,3,2,8,46,0,2,,0,151,0,15,4,7,80,4,0,1,,2,,9,0,2,12
,Ameland,0,1,,0,2,0,0,1,,0,1,1,4,3,7,0,1,0,2,,3,,8,0,0,2,0,0,0,5,0,49,1,,0,0,0,0,2,0,0,0,,3,2,0,0,1,1,,0,5,0,1,0,1,5,0,0,0,,0,,1,1,0,0
,Appingedam,4,1,0,,12,0,2,0,,12,8,0,1,227,1,13,1,0,0,,0,,120,1,8,1,0,0,12,2,5,8,0,,0,34,1,1,0,6,1,1,,7,15,0,2,3,0,,27,0,8,0,2,5,1,13,3,0,,5,,2,4,0,1
,Assen,150,14,1,1,,1,2,0,,0,56,37,7,15,11,3,82,1,1,,2,,598,7,25,2,29,70,35,5,18,46,1,,0,5,3,2,1,10,40,348,,101,22,90,6,1,0,,9,26,24,9,3,150,11,33,11,1,,37,,19,3,36,9
,Bedum,1,2,1,10,8,,0,0,,21,2,0,0,6,0,7,2,0,0,,0,,196,4,8,3,0,0,14,0,4,6,0,,0,19,4,1,0,2,3,1,,12,6,0,1,1,0,,10,2,0,2,0,20,1,3,0,1,,0,,3,30,4,3
,Bellingwedde,1,4,0,2,6,1,,3,,0,4,5,0,12,0,2,13,1,11,,9,,90,5,8,4,5,2,16,0,0,17,3,,1,0,6,3,6,9,2,5,,3,171,4,0,36,0,,5,3,42,20,1,6,4,19,56,0,,2,,10,2,4,9
,het Bildt,0,2,3,0,2,0,0,,,0,2,0,3,1,8,0,5,15,53,,9,,20,1,0,21,2,2,6,3,0,176,54,,4,0,0,3,38,0,0,0,,0,3,1,3,0,0,,0,8,0,13,0,0,10,0,2,1,,2,,3,0,0,1
,Boarnsterhim,,,,,,,,,,,,,,,,,,,,,,,,,,,,,,,,,,,,,,,,,,,,,,,,,,,,,,,,,,,,,,,,,,,
,Ten Boer,5,0,0,8,9,21,1,0,,,0,0,0,9,0,10,1,0,0,,1,,129,3,3,0,2,0,15,0,2,4,0,,0,20,1,0,0,9,0,1,,9,1,3,0,0,1,,18,1,0,0,1,16,0,2,2,0,,0,,1,1,0,3
,Borger-Odoorn,91,1,2,2,43,0,7,0,,0,,47,0,1,0,0,263,0,1,,2,,153,0,10,0,8,15,3,0,3,11,0,,0,0,1,0,0,0,5,35,,4,14,3,0,7,0,,2,0,243,1,1,19,0,25,62,0,,3,,0,0,4,1
,Coevorden,8,0,1,1,22,0,0,0,,0,42,,0,2,0,1,389,0,0,,1,,99,0,3,1,2,92,2,0,1,11,0,,0,1,0,0,0,1,30,36,,3,3,3,3,4,0,,1,1,12,3,2,2,3,3,7,1,,8,,3,2,17,2
,Dantumadiel,2,44,8,0,0,0,0,3,,1,1,0,,0,147,0,2,17,3,,5,,42,3,4,1,9,2,1,77,2,76,4,,0,0,2,0,5,0,0,0,,4,0,1,7,1,1,,0,38,1,8,1,1,95,0,0,1,,2,,2,0,0,3
,Delfzijl,4,0,1,286,13,13,7,3,,7,13,1,2,,0,34,20,0,14,,40,,320,5,14,11,4,1,32,1,21,34,13,,11,42,5,4,2,25,11,2,,4,93,5,3,17,0,,35,2,15,55,2,5,4,19,11,0,,2,,0,9,0,2
,Dongeradeel,5,45,7,0,0,0,0,4,,1,5,1,126,0,,1,0,39,8,,3,,69,3,1,6,14,0,3,41,0,119,14,,2,0,13,3,5,0,2,3,,2,4,9,7,0,3,,2,15,2,8,3,1,53,0,0,1,,1,,3,0,6,4
,Eemsmond,4,0,4,21,11,30,3,0,,6,4,3,1,24,3,,2,0,0,,1,,167,5,7,0,0,0,20,3,6,10,0,,0,70,20,2,0,5,1,3,,4,10,0,1,0,0,,7,3,5,0,2,11,4,6,1,2,,4,,1,48,0,8
,Emmen,39,5,2,4,113,2,8,0,,3,227,373,0,10,4,0,,0,2,,4,,398,0,14,0,15,103,23,4,7,43,0,,0,2,6,5,0,6,19,66,,17,25,9,2,7,2,,4,36,92,6,1,27,9,21,101,1,,14,,8,0,15,0
,Ferwerderadiel,0,1,0,0,0,0,0,14,,0,0,0,23,2,45,0,5,,3,,3,,9,2,0,4,4,0,0,8,1,88,25,,3,0,2,0,17,0,2,0,,0,0,1,4,0,0,,0,5,8,10,0,0,25,1,0,0,,0,,0,0,1,1
,Franekeradeel,0,1,1,0,4,0,0,48,,0,0,0,9,2,8,0,8,8,,,23,,62,0,0,81,15,1,2,7,0,252,16,,26,0,3,1,62,0,0,3,,0,3,5,7,0,0,,0,22,1,75,4,0,10,1,0,4,,0,,4,0,0,1
,De Friese Meren,,,,,,,,,,,,,,,,,,,,,,,,,,,,,,,,,,,,,,,,,,,,,,,,,,,,,,,,,,,,,,,,,,,
,De Fryske Marren,4,10,4,0,3,0,0,8,,2,2,1,0,1,6,1,5,4,19,,,,200,4,4,6,315,3,3,5,5,155,5,,10,0,0,1,12,1,4,0,,3,4,7,32,1,0,,0,35,6,193,4,6,23,3,4,3,,8,,43,2,2,2
,Gaasterlân-Sleat,,,,,,,,,,,,,,,,,,,,,,,,,,,,,,,,,,,,,,,,,,,,,,,,,,,,,,,,,,,,,,,,,,,
,Groningen,256,63,13,82,574,243,43,15,,179,117,78,35,171,55,136,236,7,39,,177,,,69,912,21,157,106,433,37,324,420,16,,17,104,75,100,17,78,108,163,,475,230,107,106,42,12,,343,242,119,197,16,758,70,196,50,13,,54,,39,200,46,417
,Grootegast,2,49,1,2,9,0,0,0,,0,0,0,1,6,2,2,0,0,1,,1,,79,,4,0,1,0,5,7,58,10,0,,0,0,3,79,0,2,2,2,,13,7,7,4,0,0,,4,38,1,4,0,5,5,3,0,1,,5,,0,0,1,58
,Haren,24,5,2,8,59,6,5,7,,5,9,5,0,8,1,15,7,0,12,,23,,439,9,,4,6,7,27,0,8,27,2,,8,5,7,3,6,6,4,20,,26,22,2,7,5,1,,20,6,10,33,3,134,2,10,2,0,,4,,6,14,2,19
,Harlingen,0,3,2,0,2,0,0,10,,0,1,0,3,1,2,1,1,3,62,,6,,42,0,0,,6,0,0,1,1,133,2,,1,0,2,0,3,0,2,0,,0,1,1,2,0,0,,0,11,0,68,23,3,9,0,0,3,,1,,3,0,0,0
,Heerenveen,7,15,7,1,11,0,1,6,,0,0,2,6,1,9,1,12,2,11,,261,,192,4,7,14,,9,5,4,11,255,3,,9,1,2,2,9,0,10,5,,5,3,71,178,2,1,,3,125,2,96,7,5,33,6,0,3,,16,,121,2,8,2
,Hoogeveen,11,4,0,2,75,0,1,1,,0,5,74,0,5,4,3,66,0,3,,5,,164,1,18,1,12,,13,0,3,22,0,,4,1,1,2,0,2,74,85,,8,6,5,2,2,0,,5,10,8,12,0,2,2,3,13,0,,20,,10,2,206,6
,Hoogezand-Sappemeer,25,1,0,18,51,8,9,0,,8,7,4,0,36,2,9,16,0,0,,1,,365,5,32,0,3,6,,0,20,15,0,,1,5,2,5,2,79,3,11,,20,53,12,2,19,0,,114,11,30,2,1,52,0,110,5,0,,3,,2,2,3,3
,Kollumerland en Nieuwkruisland,1,82,0,2,0,0,0,4,,0,0,0,63,0,51,3,0,9,2,,0,,56,10,4,3,8,0,3,,2,43,0,,1,0,8,1,0,0,0,0,,1,0,1,16,0,2,,0,27,0,4,0,2,17,0,0,2,,1,,2,0,1,14
,Leek,7,1,0,6,18,2,0,0,,0,2,3,2,1,2,4,10,0,0,,2,,291,39,10,0,6,1,24,3,,15,0,,0,9,4,104,4,1,1,9,,172,15,33,16,1,0,,2,21,5,1,1,29,2,7,1,1,,3,,0,9,4,31
,Leeuwarden,7,66,33,12,34,4,4,106,,5,11,10,50,14,79,5,34,63,172,,135,,467,2,11,101,246,24,16,25,26,,221,,86,6,8,16,212,4,18,20,,51,17,45,80,1,1,,7,224,23,316,37,30,362,6,4,16,,20,,46,4,10,8
,Leeuwarderadeel,0,3,1,0,0,0,0,23,,0,0,0,8,1,5,0,2,30,14,,9,,30,1,1,6,3,0,0,2,0,236,,,4,0,0,5,16,0,1,2,,0,1,11,6,0,0,,0,11,0,5,4,1,23,3,0,0,,0,,4,0,0,1
,Lemsterland,,,,,,,,,,,,,,,,,,,,,,,,,,,,,,,,,,,,,,,,,,,,,,,,,,,,,,,,,,,,,,,,,,,
,Littenseradiel,0,1,1,0,0,0,0,4,,0,0,0,0,0,5,0,5,6,37,,11,,20,0,0,20,13,0,0,0,0,125,1,,,0,1,1,15,0,0,8,,2,0,1,6,0,0,,0,17,0,135,2,1,8,0,0,0,,0,,6,8,0,0
,Loppersum,6,1,0,45,4,19,3,0,,26,11,0,0,38,1,60,3,0,1,,0,,130,3,6,0,0,4,12,3,8,5,0,,0,,12,10,0,1,0,1,,13,9,0,1,2,0,,10,4,4,6,1,13,0,2,5,0,,6,,0,19,5,3
,De Marne,4,6,0,0,3,9,0,0,,1,0,2,0,8,6,22,5,0,0,,0,,90,2,4,0,3,0,1,14,5,12,0,,0,9,,0,0,2,0,1,,10,6,2,0,2,1,,3,5,1,1,1,5,0,4,0,0,,1,,3,85,0,13
,Marum,4,5,0,1,4,0,0,0,,0,0,0,0,0,1,5,2,0,0,,5,,102,48,2,0,3,3,9,0,108,14,0,,0,2,1,,0,0,1,2,,38,3,10,21,0,0,,1,27,0,0,0,8,2,0,0,4,,0,,2,3,0,11
,Menameradiel,4,4,0,0,0,0,0,64,,0,0,0,2,1,0,0,2,12,71,,16,,32,1,7,26,18,1,0,1,2,216,23,,13,0,0,0,,0,1,1,,0,1,2,4,0,0,,0,7,0,16,5,0,16,1,0,2,,1,,0,0,1,0
,Menterwolde,9,0,1,5,14,0,12,0,,0,4,2,0,18,0,1,9,0,0,,3,,85,0,6,0,1,3,93,0,1,5,0,,0,2,0,0,0,,0,1,,3,55,3,2,23,0,,19,1,7,6,1,8,2,167,6,1,,0,,2,2,0,1
,Meppel,8,4,0,0,28,0,0,0,,0,1,13,0,1,0,1,16,0,1,,3,,90,0,1,1,10,49,1,0,0,23,0,,0,0,1,1,1,5,,8,,8,5,6,3,0,0,,1,6,4,4,1,3,6,1,1,0,,128,,12,0,179,0
,Midden-Drenthe,63,19,2,3,408,1,4,0,,1,59,54,15,6,10,0,99,5,3,,11,,228,0,7,0,36,117,3,7,6,44,0,,7,0,0,11,0,4,36,,,43,5,71,21,4,1,,1,16,17,7,1,49,18,6,1,0,,49,,36,0,36,2
,Midden-Groningen,,,,,,,,,,,,,,,,,,,,,,,,,,,,,,,,,,,,,,,,,,,,,,,,,,,,,,,,,,,,,,,,,,,
,Noordenveld,41,3,0,6,147,5,12,16,,3,18,28,3,19,21,3,55,1,16,,44,,398,18,69,2,13,53,20,6,188,32,6,,8,6,3,34,1,1,28,64,,,22,46,17,15,0,,5,50,35,50,3,86,7,19,7,0,,25,,27,9,4,27
,Oldambt,14,1,1,11,44,9,139,0,,3,14,3,0,72,0,10,31,0,1,,62,,327,5,22,1,2,6,63,0,12,14,1,,0,7,6,3,0,75,1,17,,5,,0,2,125,0,,11,7,37,6,2,15,3,95,30,1,,6,,2,2,5,4
,Ooststellingwerf,5,8,2,3,65,1,0,1,,2,17,1,4,3,4,1,7,0,1,,14,,162,2,1,5,43,6,2,1,19,62,0,,2,0,0,11,2,3,7,40,,29,3,,70,0,1,,3,108,4,9,0,1,14,0,1,0,,35,,65,0,1,0
,Opsterland,2,39,1,0,7,2,0,0,,0,0,3,1,1,12,1,6,0,7,,35,,128,11,8,2,229,2,6,5,10,77,1,,4,1,4,39,1,0,2,10,,14,2,95,,0,0,,0,289,1,22,3,9,29,3,1,2,,13,,20,1,1,3
,Pekela,9,0,1,4,11,3,35,0,,1,8,2,0,7,0,1,16,0,0,,0,,44,0,6,1,1,15,11,0,0,4,0,,0,2,1,0,0,13,0,1,,1,150,1,2,,0,,1,1,51,0,0,6,2,81,20,0,,5,,0,1,0,4
,Schiermonnikoog,0,1,0,0,1,0,0,0,,0,0,0,0,0,4,4,0,0,0,,2,,8,1,5,0,1,0,0,1,0,7,0,,0,0,2,0,0,0,0,0,,1,0,0,0,0,,,0,1,0,1,0,0,0,0,0,1,,0,,0,0,0,2
,Skarsterlân,,,,,,,,,,,,,,,,,,,,,,,,,,,,,,,,,,,,,,,,,,,,,,,,,,,,,,,,,,,,,,,,,,,
,Slochteren,11,0,0,31,21,12,6,0,,13,5,2,0,65,1,7,11,0,0,,2,,221,2,22,0,2,2,128,4,3,5,0,,0,11,0,3,0,31,1,5,,2,13,3,1,10,0,,,1,7,3,0,27,0,20,6,0,,2,,0,2,1,6
,Smallingerland,5,149,3,2,28,21,0,6,,0,3,5,18,1,22,3,18,8,17,,46,,264,35,6,10,98,11,6,16,39,247,6,,14,2,8,21,7,2,7,1,,20,9,83,295,0,0,,6,,4,55,3,30,111,7,3,5,,3,,22,1,6,11
,Stadskanaal,62,4,1,3,84,0,34,0,,0,210,11,9,2,11,4,124,8,1,,1,,198,0,8,0,1,10,26,2,4,23,0,,0,4,0,1,3,11,3,15,,5,76,9,3,56,1,,5,4,,7,1,20,8,63,98,0,,5,,7,3,2,3
,Súdwest-Fryslân,8,11,0,3,5,0,2,34,,1,6,2,6,6,16,3,5,7,88,,266,,276,8,2,103,120,11,1,5,8,398,11,,96,0,3,0,15,1,7,0,,5,3,8,27,1,1,,2,55,7,,20,5,31,4,2,5,,7,,29,0,1,1
,Terschelling,1,4,0,1,1,0,0,0,,2,0,1,1,1,3,1,3,0,8,,3,,13,0,2,22,8,0,2,2,1,50,2,,1,1,0,1,3,1,1,1,,1,3,3,4,0,2,,2,0,2,30,,1,8,0,0,0,,0,,1,3,3,1
,Tynaarlo,129,2,0,6,161,14,0,1,,4,10,2,1,6,2,5,47,1,0,,4,,498,3,94,0,4,5,43,1,22,31,0,,0,1,5,1,0,9,2,25,,87,20,6,2,1,0,,18,6,10,5,5,,2,22,2,0,,6,,0,1,3,10
,Tytsjerksteradiel,5,79,2,0,4,0,0,28,,0,0,5,93,1,28,2,12,21,13,,26,,87,9,7,7,39,2,1,29,14,377,15,,2,0,3,7,16,0,1,2,,1,8,19,26,0,1,,0,145,3,35,2,1,,7,4,3,,7,,14,2,0,5
,Veendam,38,0,1,8,42,5,13,0,,1,21,6,1,24,0,0,23,0,0,,3,,206,1,13,0,1,4,60,0,5,16,0,,0,5,5,3,1,115,5,11,,10,93,0,0,60,1,,15,2,66,0,1,19,1,,15,0,,1,,1,5,0,8
,Vlagtwedde,19,0,1,0,57,1,104,56,,0,43,53,0,155,0,1,166,0,1,,5,,365,4,74,1,1,126,1,3,0,15,0,,0,1,0,0,0,2,0,83,,2,53,4,5,95,0,,68,38,176,38,0,18,32,28,,0,,106,,0,0,1,3
,Vlieland,0,1,1,0,1,0,0,1,,0,0,0,1,1,1,0,4,0,7,,1,,9,1,0,11,4,1,0,1,0,19,1,,1,0,0,0,0,0,0,2,,2,1,0,3,0,1,,0,3,0,9,0,0,1,0,2,,,1,,0,0,0,0
,Waadhoeke,,,,,,,,,,,,,,,,,,,,,,,,,,,,,,,,,,,,,,,,,,,,,,,,,,,,,,,,,,,,,,,,,,,
,Westerveld,9,0,0,0,49,1,1,0,,0,9,11,9,0,6,0,21,0,0,,8,,85,1,2,0,16,25,7,3,0,17,1,,1,4,0,0,0,0,122,43,,13,2,35,8,1,0,,0,7,1,13,1,16,0,11,1,1,,,,43,0,38,2
,Westerwolde,,,,,,,,,,,,,,,,,,,,,,,,,,,,,,,,,,,,,,,,,,,,,,,,,,,,,,,,,,,,,,,,,,,
,Weststellingwerf,1,8,1,0,3,0,0,2,,0,1,5,3,0,2,1,3,0,8,,24,,48,0,0,4,91,8,0,1,1,47,2,,0,0,2,1,1,1,19,5,,4,1,57,15,1,0,,0,25,0,14,2,8,10,1,2,1,,49,,,0,2,1
,Winsum,6,0,3,8,26,20,0,1,,6,2,0,0,2,0,21,0,0,1,,3,,173,5,2,0,1,2,5,1,10,11,0,,2,15,68,4,1,1,1,0,,12,6,0,0,0,2,,18,1,5,2,1,12,0,0,0,0,,1,,0,,0,31
,De Wolden,4,4,0,0,20,0,0,0,,0,3,11,0,0,0,1,10,0,0,,2,,60,0,4,0,2,219,0,0,0,6,0,,0,0,0,0,0,0,168,24,,0,0,1,4,0,0,,1,3,3,1,0,3,0,0,2,0,,41,,2,0,,0
,Zuidhorn,4,19,3,5,16,19,2,2,,1,2,1,5,5,2,5,3,0,1,,2,,314,73,25,0,5,1,10,16,34,19,0,,0,10,10,10,1,1,2,3,,27,7,1,0,2,1,,5,15,2,6,3,30,0,3,1,1,,3,,0,28,0,
,,,,,,,,,,,,,,,,,,,,,,,,,,,,,,,,,,,,,,,,,,,,,,,,,,,,,,,,,,,,,,,,,,,,
,,,,,,,,,,,,,,,,,,,,,,,,,,,,,,,,,,,,,,,,,,,,,,,,,,,,,,,,,,,,,,,,,,,,
https://opendata.cbs.nl/statline/#/CBS/nl/dataset/81734NED/table?ts=1577105596483,,,,,,,,,,,,,,,,,,,,,,,,,,,,,,,,,,,,,,,,,,,,,,,,,,,,,,,,,,,,,,,,,,,,
2017 tussen gemeenten verhuisde personen,regio van vestiging,,,,,,,,,,,,,,,,,,,,,,,,,,,,,,,,,,,,,,,,,,,,,,,,,,,,,,,,,,,,,,,,,,,
,Gemeentes,Aa en Hunze,Achtkarspelen,Ameland,Appingedam,Assen,Bedum,Bellingwedde,het Bildt,Boarnsterhim,Ten Boer,Borger-Odoorn,Coevorden,Dantumadiel,Delfzijl,Dongeradeel,Eemsmond,Emmen,Ferwerderadiel,Franekeradeel,De Friese Meren,De Fryske Marren,Gaasterlân-Sleat,Groningen,Grootegast,Haren,Harlingen,Heerenveen,Hoogeveen,Hoogezand-Sappemeer,Kollumerland en Nieuwkruisland,Leek,Leeuwarden,Leeuwarderadeel,Lemsterland,Littenseradiel,Loppersum,De Marne,Marum,Menameradiel,Menterwolde,Meppel,Midden-Drenthe,Midden-Groningen,Noordenveld,Oldambt,Ooststellingwerf,Opsterland,Pekela,Schiermonnikoog,Skarsterlân,Slochteren,Smallingerland,Stadskanaal,Súdwest-Fryslân,Terschelling,Tynaarlo,Tytsjerksteradiel,Veendam,Vlagtwedde,Vlieland,Waadhoeke,Westerveld,Westerwolde,Weststellingwerf,Winsum,De Wolden,Zuidhorn
regio van aankomst,Aa en Hunze,,5,0,3,203,1,4,0,,2,93,16,0,4,0,0,36,0,2,,0,,260,0,24,0,4,13,35,0,3,17,0,,0,1,1,1,0,10,5,56,,26,18,15,1,21,0,,8,7,90,1,1,105,2,60,10,1,,16,,0,0,8,1
,Achtkarspelen,0,,1,0,10,1,0,0,,0,3,2,55,1,32,5,2,3,6,,9,,78,55,1,1,8,1,4,78,7,79,0,,0,0,1,22,9,0,1,3,,12,3,13,29,3,1,,2,166,0,12,1,3,94,1,1,0,,5,,3,0,3,7
,Ameland,0,1,,0,1,0,2,3,,0,0,2,4,1,13,0,1,5,0,,1,,14,1,0,0,2,0,1,0,1,58,1,,0,0,1,0,2,1,0,0,,1,1,0,0,0,2,,0,1,0,7,2,1,6,0,1,1,,0,,1,1,0,0
,Appingedam,7,0,0,,17,6,3,0,,11,2,1,0,273,0,20,6,0,0,,1,,85,0,3,1,1,2,10,0,3,7,0,,0,30,0,1,0,5,0,5,,4,30,0,4,3,0,,29,1,2,3,0,6,0,5,2,0,,0,,0,8,0,4
,Assen,228,6,0,6,,10,4,3,,5,48,37,2,19,10,6,94,0,5,,1,,587,17,27,4,17,65,30,1,20,51,1,,0,3,7,5,0,17,28,418,,114,28,85,5,7,0,,10,16,27,11,5,160,9,36,20,1,,42,,10,3,34,10
,Bedum,7,3,0,7,17,,0,0,,22,1,0,0,3,0,25,3,0,1,,1,,156,1,7,4,0,2,10,1,9,7,0,,0,21,13,1,0,4,0,6,,2,3,2,2,4,0,,11,0,2,1,0,9,1,7,1,0,,0,,1,20,1,10
,Bellingwedde,5,0,0,1,15,5,,0,,1,0,0,0,21,2,6,12,2,0,,3,,61,2,2,3,0,3,7,0,2,16,0,,0,2,14,1,0,7,2,2,,0,136,0,1,30,0,,3,6,47,5,1,3,0,29,43,0,,0,,1,4,0,4
,het Bildt,0,0,3,0,1,0,0,,,0,1,0,4,4,4,0,2,8,63,,12,,22,0,0,13,8,0,0,4,0,195,16,,4,0,0,0,52,0,0,0,,0,0,1,8,0,0,,0,17,10,33,2,1,14,5,1,0,,0,,3,0,0,5
,Boarnsterhim,,,,,,,,,,,,,,,,,,,,,,,,,,,,,,,,,,,,,,,,,,,,,,,,,,,,,,,,,,,,,,,,,,,
,Ten Boer,6,4,1,10,8,10,0,0,,,3,3,0,6,0,9,2,0,0,,0,,158,1,3,0,0,1,11,0,3,3,0,,0,38,11,0,0,6,1,0,,3,7,1,0,1,0,,15,1,0,0,0,10,1,8,3,0,,0,,1,9,0,2
,Borger-Odoorn,90,1,0,0,68,0,4,0,,0,,56,0,1,0,0,297,0,0,,1,,140,0,4,0,2,17,8,1,0,8,0,,0,0,0,0,0,2,3,20,,4,16,6,5,12,0,,5,3,265,2,1,13,1,15,56,1,,8,,0,2,9,1
,Coevorden,26,1,1,1,40,0,3,0,,0,69,,0,2,1,1,463,5,0,,4,,121,0,3,3,3,142,1,0,3,15,0,,0,1,1,1,0,2,26,58,,2,9,6,0,3,1,,1,0,10,3,0,6,6,6,22,0,,14,,6,3,12,2
,Dantumadiel,0,89,3,0,2,0,0,1,,0,0,0,,0,130,0,0,19,1,,3,,38,1,2,4,6,0,2,66,1,67,1,,0,0,2,4,2,1,3,1,,0,0,0,16,0,0,,1,27,1,7,0,0,119,0,0,0,,0,,3,0,0,1
,Delfzijl,3,1,2,235,19,15,13,3,,9,5,3,0,,1,24,10,0,1,,5,,294,2,11,1,4,5,50,0,13,24,0,,4,29,12,2,0,17,6,7,,10,66,6,0,7,0,,50,6,9,9,1,13,7,32,14,0,,4,,2,15,0,10
,Dongeradeel,0,32,6,0,1,0,0,10,,0,0,1,162,0,,0,2,64,8,,3,,41,4,0,9,11,1,0,75,1,119,10,,1,1,7,1,1,1,2,2,,1,0,8,8,0,1,,0,25,0,22,2,3,51,0,0,0,,3,,5,0,0,8
,Eemsmond,9,2,2,9,12,14,1,0,,32,3,1,1,43,2,,0,0,0,,2,,177,1,13,0,4,8,12,1,5,6,2,,0,51,15,1,3,3,1,3,,6,12,0,0,0,0,,5,5,7,0,0,9,1,8,0,2,,3,,0,36,1,11
,Emmen,40,2,4,2,94,3,4,5,,3,316,488,1,9,3,2,,0,4,,8,,382,0,4,0,13,115,19,1,2,53,0,,2,1,3,4,3,3,46,40,,21,12,8,5,10,1,,4,4,82,14,1,32,4,17,142,1,,11,,2,9,30,3
,Ferwerderadiel,0,1,1,0,5,0,0,22,,0,0,0,22,0,55,0,0,,6,,3,,11,0,1,3,11,0,1,8,0,87,48,,0,0,1,0,8,0,0,4,,1,2,0,8,0,0,,0,7,9,3,0,1,27,0,0,1,,5,,1,1,1,0
,Franekeradeel,1,7,0,0,3,0,0,38,,0,0,2,6,4,7,0,1,4,,,26,,46,2,1,100,14,2,2,2,0,208,12,,16,0,0,2,53,0,1,3,,2,2,2,17,0,0,,0,27,2,74,8,1,26,0,0,5,,3,,5,1,1,5
,De Friese Meren,,,,,,,,,,,,,,,,,,,,,,,,,,,,,,,,,,,,,,,,,,,,,,,,,,,,,,,,,,,,,,,,,,,
,De Fryske Marren,5,8,2,4,4,0,0,7,,0,2,4,9,2,6,1,15,9,11,,,,180,2,1,7,325,2,1,5,13,133,5,,15,0,1,5,30,0,5,0,,2,5,15,61,0,0,,2,34,7,280,7,3,13,3,2,0,,10,,52,3,1,3
,Gaasterlân-Sleat,,,,,,,,,,,,,,,,,,,,,,,,,,,,,,,,,,,,,,,,,,,,,,,,,,,,,,,,,,,,,,,,,,,
,Groningen,257,64,18,63,633,218,44,19,,213,99,87,18,197,44,126,249,8,39,,134,,,84,977,34,136,117,442,46,328,425,8,,13,96,73,122,15,80,100,172,,484,186,109,90,32,22,,234,207,139,194,17,868,72,187,57,10,,66,,38,209,64,408
,Grootegast,3,93,4,0,6,5,2,0,,4,1,1,0,5,2,0,3,0,1,,3,,77,,9,2,6,1,9,12,49,13,0,,0,2,1,64,0,0,0,4,,20,1,3,11,0,0,,1,28,0,0,0,3,7,2,0,1,,0,,0,5,0,71
,Haren,30,1,0,3,62,6,0,2,,8,3,4,0,12,3,1,10,1,2,,3,,527,1,,0,3,3,46,1,10,10,1,,1,7,8,2,0,8,5,14,,46,13,5,0,3,0,,20,6,13,7,1,129,0,16,7,0,,2,,0,1,6,12
,Harlingen,0,3,1,1,1,0,0,6,,0,0,0,5,0,8,0,6,0,114,,10,,45,0,0,,9,0,2,3,0,136,5,,12,0,1,2,29,0,1,1,,2,2,1,8,0,0,,0,7,0,71,20,1,2,0,0,5,,0,,4,0,0,0
,Heerenveen,6,24,5,0,7,0,0,4,,0,2,5,6,0,16,2,12,5,11,,251,,173,0,1,8,,12,3,8,10,240,6,,6,0,1,1,15,2,12,6,,7,2,65,211,0,1,,1,98,3,94,4,9,25,0,0,6,,13,,138,2,7,5
,Hoogeveen,15,0,0,0,52,1,3,2,,1,8,108,0,1,0,0,82,0,2,,10,,147,0,2,0,4,,4,0,5,24,1,,0,0,0,1,1,3,75,100,,7,4,8,1,3,0,,4,15,11,4,0,6,5,12,4,0,,22,,1,1,251,0
,Hoogezand-Sappemeer,43,7,0,9,34,5,9,3,,15,7,3,0,39,5,13,24,0,2,,0,,410,3,43,1,1,15,,0,13,21,0,,0,6,8,5,0,94,3,5,,17,58,5,6,9,0,,108,7,17,5,1,97,14,101,11,0,,3,,1,3,1,11
,Kollumerland en Nieuwkruisland,0,96,2,0,3,0,0,6,,0,0,4,94,2,66,0,0,0,2,,2,,37,13,3,4,5,2,1,,2,48,2,,3,0,10,3,0,0,1,0,,4,0,6,10,0,1,,0,21,0,8,2,1,26,0,0,0,,0,,0,2,0,12
,Leek,5,5,1,3,27,1,2,1,,1,3,0,0,5,2,14,4,0,1,,4,,268,35,11,3,9,6,14,4,,25,0,,2,5,8,81,1,1,2,10,,148,20,16,17,1,0,,5,33,4,0,1,22,6,14,0,0,,1,,0,4,3,44
,Leeuwarden,17,62,41,3,36,2,11,119,,2,9,8,51,15,74,2,43,77,174,,130,,420,14,19,85,274,21,21,35,13,,250,,99,1,10,13,205,7,26,23,,42,15,51,73,5,1,,4,226,15,285,35,21,376,13,5,32,,16,,60,5,16,19
,Leeuwarderadeel,0,2,3,0,0,0,0,23,,2,0,0,10,0,8,0,0,24,11,,12,,28,5,0,3,12,0,0,5,0,218,,,5,0,0,0,10,1,0,1,,0,0,6,1,1,0,,0,14,0,7,0,1,12,3,1,1,,0,,1,0,0,0
,Lemsterland,,,,,,,,,,,,,,,,,,,,,,,,,,,,,,,,,,,,,,,,,,,,,,,,,,,,,,,,,,,,,,,,,,,
,Littenseradiel,0,2,0,0,0,0,2,0,,0,1,0,4,0,2,0,0,2,48,,20,,30,1,0,16,19,0,0,1,0,121,8,,,0,0,0,19,0,2,0,,0,0,2,8,0,0,,0,13,1,134,2,0,13,0,0,1,,0,,4,0,0,1
,Loppersum,7,0,0,33,6,23,2,0,,15,0,1,0,60,0,65,6,0,0,,1,,138,1,5,0,2,2,3,0,3,5,0,,0,,11,6,0,6,3,6,,7,19,0,2,0,4,,19,5,3,1,0,2,0,5,0,0,,3,,2,28,0,9
,De Marne,7,2,1,3,5,7,7,1,,7,1,0,1,7,14,23,1,0,1,,0,,74,7,3,1,1,1,7,12,6,9,0,,2,5,,2,0,0,0,2,,3,4,3,1,5,2,,7,4,1,4,3,3,1,2,3,0,,0,,0,88,0,22
,Marum,2,11,0,0,12,0,0,0,,1,0,2,0,2,1,2,0,0,0,,0,,101,50,3,0,2,2,10,3,100,9,0,,0,0,3,,0,0,0,1,,22,3,14,31,0,0,,3,36,1,1,2,7,6,5,1,1,,5,,0,2,0,9
,Menameradiel,0,5,2,0,0,2,0,57,,1,0,0,3,3,6,0,0,10,47,,6,,30,2,0,16,16,1,0,1,0,202,29,,23,0,0,1,,0,1,0,,0,2,5,5,0,0,,0,6,0,27,2,0,36,4,0,0,,0,,1,0,2,0
,Menterwolde,16,0,0,5,13,4,7,0,,0,9,5,2,14,0,9,10,0,0,,0,,93,2,12,0,2,7,96,0,4,8,0,,0,0,1,0,0,,0,1,,4,45,3,2,12,0,,30,3,13,6,0,7,0,214,12,2,,0,,1,7,2,9
,Meppel,7,0,0,0,21,1,0,1,,0,6,6,0,0,0,0,18,1,1,,9,,105,0,4,3,4,73,4,0,2,32,0,,0,0,0,0,0,0,,6,,1,9,4,0,0,0,,0,2,2,4,1,5,2,0,0,0,,106,,13,0,179,1
,Midden-Drenthe,49,1,0,0,333,1,18,1,,1,33,83,0,5,3,2,74,3,2,,19,,202,0,5,5,5,137,7,2,5,32,0,,0,1,6,1,0,0,24,,,15,6,72,3,4,0,,3,29,16,7,1,28,13,16,7,0,,43,,5,0,40,5
,Midden-Groningen,,,,,,,,,,,,,,,,,,,,,,,,,,,,,,,,,,,,,,,,,,,,,,,,,,,,,,,,,,,,,,,,,,,
,Noordenveld,56,14,2,28,340,12,24,95,,10,30,87,12,86,16,14,91,5,23,,136,,449,30,90,20,39,133,65,21,186,64,9,,7,5,12,49,5,11,13,63,,,53,72,18,48,1,,23,130,100,217,1,131,4,45,9,1,,10,,10,35,11,31
,Oldambt,34,2,2,17,43,4,85,0,,10,13,7,0,64,0,1,26,0,0,,2,,259,6,15,3,5,12,52,1,3,17,0,,1,11,2,1,0,56,7,11,,6,,3,1,143,0,,23,6,48,0,1,22,5,78,42,0,,3,,3,3,4,2
,Ooststellingwerf,10,15,4,0,69,1,0,0,,0,2,17,7,0,7,0,17,0,4,,6,,137,11,6,5,69,8,7,0,19,51,2,,0,0,0,17,5,2,12,43,,35,3,,73,2,1,,1,94,2,13,1,13,6,2,2,5,,30,,84,0,11,5
,Opsterland,3,35,1,1,8,1,1,2,,0,1,1,4,0,6,1,0,2,3,,46,,134,11,1,8,215,7,1,5,7,83,1,,7,0,2,28,5,0,11,1,,20,5,81,,0,0,,0,341,3,27,1,5,19,2,0,1,,1,,40,1,4,3
,Pekela,19,0,0,13,24,2,38,5,,0,14,19,0,18,1,3,18,1,0,,0,,73,0,3,0,1,1,23,0,9,6,0,,0,1,0,0,0,11,14,2,,1,143,1,3,,0,,4,30,99,8,0,14,3,68,35,1,,2,,0,0,5,3
,Schiermonnikoog,0,3,0,0,0,4,0,0,,0,0,1,1,0,6,2,1,0,0,,0,,15,0,0,0,0,0,1,1,0,3,0,,0,0,3,0,0,0,0,1,,0,1,0,0,0,,,0,1,1,2,1,0,2,0,0,1,,0,,1,0,0,6
,Skarsterlân,,,,,,,,,,,,,,,,,,,,,,,,,,,,,,,,,,,,,,,,,,,,,,,,,,,,,,,,,,,,,,,,,,,
,Slochteren,14,1,0,18,12,6,2,0,,9,6,2,0,54,0,9,7,0,1,,0,,221,0,8,0,1,3,124,0,5,6,0,,0,11,1,2,0,37,0,0,,9,14,2,0,3,0,,,4,6,0,4,20,2,29,0,0,,0,,1,2,0,1
,Smallingerland,8,147,3,0,21,0,1,7,,0,5,13,35,7,22,4,29,8,22,,31,,276,29,7,13,88,6,17,17,15,215,7,,11,4,1,31,9,2,14,19,,15,6,88,392,2,0,,3,,4,40,0,16,172,4,0,2,,4,,20,7,12,13
,Stadskanaal,69,0,0,0,46,0,30,1,,1,266,15,1,20,0,4,117,1,2,,5,,203,0,5,0,1,12,25,0,7,8,0,,0,2,0,4,0,13,6,14,,3,58,0,0,40,0,,3,3,,2,0,20,4,92,163,0,,0,,2,5,3,10
,Súdwest-Fryslân,4,8,4,6,11,3,3,19,,4,1,5,5,11,9,7,8,1,99,,268,,278,9,2,97,161,6,4,9,5,408,8,,161,6,0,11,40,3,20,10,,8,6,9,47,3,1,,5,42,15,,28,7,31,2,11,6,,3,,19,2,3,6
,Terschelling,0,1,0,0,2,0,1,2,,2,1,1,0,3,3,2,4,2,1,,4,,23,1,2,24,1,1,0,0,3,49,1,,4,0,1,1,1,2,1,2,,0,2,1,1,0,0,,3,1,1,17,,3,2,1,0,1,,1,,2,1,2,1
,Tynaarlo,157,1,5,6,158,3,3,0,,5,18,2,0,14,1,8,62,1,4,,0,,543,6,115,1,4,12,61,1,24,24,0,,0,8,3,12,0,4,5,47,,79,28,8,5,2,2,,24,5,13,8,3,,6,22,1,2,,10,,8,3,11,12
,Tytsjerksteradiel,0,96,3,0,4,0,1,12,,0,4,6,101,3,38,0,4,13,10,,20,,82,8,1,4,45,1,1,24,11,389,6,,10,0,0,12,10,5,0,2,,6,7,16,27,0,0,,2,181,5,37,3,6,,1,11,2,,5,,10,1,1,8
,Veendam,75,0,0,3,49,3,32,0,,3,14,4,0,32,0,8,33,3,1,,0,,253,3,10,0,4,6,73,3,9,15,0,,0,1,2,5,0,153,3,7,,17,89,5,3,79,0,,17,5,69,1,4,24,1,,20,0,,1,,1,0,1,6
,Vlagtwedde,8,1,0,3,46,0,97,126,,1,44,100,0,57,0,3,140,0,0,,97,,89,0,3,1,1,64,5,0,1,16,1,,0,1,0,0,0,2,5,13,,2,52,2,5,48,1,,2,18,235,66,0,15,29,18,,0,,2,,1,0,5,3
,Vlieland,0,1,0,0,0,0,0,1,,0,1,0,0,0,0,1,3,0,1,,2,,14,1,0,11,3,0,0,0,1,17,1,,0,0,0,0,2,1,0,0,,0,0,3,1,0,0,,0,2,0,8,2,1,4,0,0,,,1,,0,0,0,0
,Waadhoeke,,,,,,,,,,,,,,,,,,,,,,,,,,,,,,,,,,,,,,,,,,,,,,,,,,,,,,,,,,,,,,,,,,,
,Westerveld,9,2,0,1,60,0,3,0,,3,7,9,0,2,2,2,15,0,2,,4,,64,0,1,1,11,23,0,0,0,13,0,,0,0,0,0,0,1,110,48,,7,1,40,7,3,0,,0,3,0,15,1,7,0,4,2,0,,,,57,0,67,1
,Westerwolde,,,,,,,,,,,,,,,,,,,,,,,,,,,,,,,,,,,,,,,,,,,,,,,,,,,,,,,,,,,,,,,,,,,
,Weststellingwerf,6,8,0,1,3,0,0,0,,0,0,2,0,0,1,0,8,5,7,,17,,51,0,2,3,124,12,1,1,0,52,0,,2,1,1,0,0,0,36,3,,12,0,53,23,0,1,,1,18,1,21,0,5,5,2,1,0,,47,,,0,4,0
,Winsum,5,2,1,3,19,22,1,0,,8,0,6,0,8,1,54,1,0,0,,0,,203,4,11,0,1,1,4,2,16,8,0,,0,12,61,5,0,1,0,3,,5,4,2,0,0,0,,4,4,3,2,3,12,0,6,1,0,,0,,1,,2,17
,De Wolden,2,0,1,1,32,0,0,0,,0,4,12,0,0,0,0,20,0,0,,5,,60,0,3,1,0,229,3,1,3,12,0,,1,0,0,0,0,0,217,17,,4,0,7,0,0,0,,0,0,1,1,1,4,0,0,1,0,,66,,2,0,,0
,Zuidhorn,5,20,0,5,17,5,0,0,,4,1,0,14,1,2,9,5,2,0,,1,,293,67,16,0,1,2,16,20,65,14,0,,0,3,20,31,0,5,1,3,,24,4,11,6,1,3,,5,10,4,7,1,14,4,3,3,0,,5,,3,13,0,
,,,,,,,,,,,,,,,,,,,,,,,,,,,,,,,,,,,,,,,,,,,,,,,,,,,,,,,,,,,,,,,,,,,,
,,,,,,,,,,,,,,,,,,,,,,,,,,,,,,,,,,,,,,,,,,,,,,,,,,,,,,,,,,,,,,,,,,,,
https://opendata.cbs.nl/statline/#/CBS/nl/dataset/81734NED/table?ts=1577105596483,,,,,,,,,,,,,,,,,,,,,,,,,,,,,,,,,,,,,,,,,,,,,,,,,,,,,,,,,,,,,,,,,,,,
2018 tussen gemeenten verhuisde personen,regio van vestiging,,,,,,,,,,,,,,,,,,,,,,,,,,,,,,,,,,,,,,,,,,,,,,,,,,,,,,,,,,,,,,,,,,,
,Gemeentes,Aa en Hunze,Achtkarspelen,Ameland,Appingedam,Assen,Bedum,Bellingwedde,het Bildt,Boarnsterhim,Ten Boer,Borger-Odoorn,Coevorden,Dantumadiel,Delfzijl,Dongeradeel,Eemsmond,Emmen,Ferwerderadiel,Franekeradeel,De Friese Meren,De Fryske Marren,Gaasterlân-Sleat,Groningen,Grootegast,Haren,Harlingen,Heerenveen,Hoogeveen,Hoogezand-Sappemeer,Kollumerland en Nieuwkruisland,Leek,Leeuwarden,Leeuwarderadeel,Lemsterland,Littenseradiel,Loppersum,De Marne,Marum,Menameradiel,Menterwolde,Meppel,Midden-Drenthe,Midden-Groningen,Noordenveld,Oldambt,Ooststellingwerf,Opsterland,Pekela,Schiermonnikoog,Skarsterlân,Slochteren,Smallingerland,Stadskanaal,Súdwest-Fryslân,Terschelling,Tynaarlo,Tytsjerksteradiel,Veendam,Vlagtwedde,Vlieland,Waadhoeke,Westerveld,Westerwolde,Weststellingwerf,Winsum,De Wolden,Zuidhorn
regio van aankomst,Aa en Hunze,,1,0,1,191,3,,,,0,100,15,0,3,2,1,33,0,,,0,,233,0,12,0,2,11,,0,1,22,,,,0,1,2,,,2,37,69,21,23,3,5,12,1,,,0,80,9,1,113,0,68,,0,0,14,10,0,3,5,7
,Achtkarspelen,1,,5,0,12,0,,,,0,4,0,96,0,31,5,2,3,,,14,,63,88,1,4,29,1,,91,3,87,,,,4,2,20,,,3,10,7,10,2,14,19,0,0,,,140,0,17,3,3,131,0,,1,14,1,1,4,0,0,14
,Ameland,0,3,,0,2,1,,,,0,0,1,1,0,6,1,3,0,,,0,,13,0,2,2,5,0,,1,6,48,,,,1,0,0,,,0,1,0,1,4,0,1,1,0,,,6,0,8,0,1,2,0,,0,6,2,1,5,1,2,1
,Appingedam,4,2,1,,3,0,,,,3,1,2,0,228,1,7,2,0,,,0,,95,0,4,0,2,2,,0,6,8,,,,23,0,2,,,0,5,51,13,25,6,2,5,0,,,3,2,3,1,12,0,4,,0,0,2,12,0,2,0,5
,Assen,188,13,0,6,,2,,,,11,72,29,4,11,11,6,81,1,,,7,,550,7,36,0,20,98,,0,20,50,,,,11,5,7,,,30,415,74,108,41,87,14,0,0,,,19,32,14,2,173,11,36,,1,1,46,13,3,6,35,14
,Bedum,6,0,0,4,12,,,,,29,7,4,0,7,1,12,0,0,,,1,,154,0,11,1,0,0,,1,4,4,,,,21,7,2,,,1,3,10,6,7,0,1,0,1,,,3,0,0,1,6,0,1,,0,2,0,5,0,25,0,11
,Bellingwedde,,,,,,,,,,,,,,,,,,,,,,,,,,,,,,,,,,,,,,,,,,,,,,,,,,,,,,,,,,,,,,,,,,,
,het Bildt,,,,,,,,,,,,,,,,,,,,,,,,,,,,,,,,,,,,,,,,,,,,,,,,,,,,,,,,,,,,,,,,,,,
,Boarnsterhim,,,,,,,,,,,,,,,,,,,,,,,,,,,,,,,,,,,,,,,,,,,,,,,,,,,,,,,,,,,,,,,,,,,
,Ten Boer,9,0,1,8,13,11,,,,,3,1,0,2,1,19,0,0,,,0,,112,7,7,0,1,0,,0,2,3,,,,48,8,0,,,1,3,34,3,5,2,2,1,1,,,0,0,0,0,6,0,5,,0,0,1,0,0,13,0,14
,Borger-Odoorn,78,1,0,0,52,0,,,,0,,59,0,1,0,4,288,0,,,0,,122,2,9,0,0,20,,1,6,9,,,,0,2,0,,,7,30,8,1,21,6,0,14,0,,,1,258,3,2,13,0,21,,1,1,7,50,3,3,1,0
,Coevorden,11,1,1,0,22,1,,,,0,48,,2,2,2,0,460,0,,,3,,90,2,3,0,12,119,,0,0,13,,,,0,1,0,,,19,53,5,2,3,1,7,3,0,,,11,8,8,1,7,4,2,,0,0,10,18,1,0,22,1
,Dantumadiel,1,61,0,0,0,1,,,,0,0,0,,0,146,0,0,11,,,3,,38,0,0,2,9,0,,65,0,88,,,,0,2,1,,,0,3,0,2,5,3,15,0,2,,,32,0,14,0,0,115,0,,1,15,0,1,4,1,4,0
,Delfzijl,10,3,0,228,32,16,,,,13,5,3,0,,2,31,8,0,,,2,,242,13,9,0,1,6,,2,4,12,,,,47,13,4,,,3,2,143,2,102,8,0,12,0,,,8,9,6,3,16,2,25,,0,2,4,23,0,10,3,5
,Dongeradeel,1,21,9,0,3,0,,,,0,2,0,178,2,,0,0,37,,,6,,55,4,0,4,16,2,,47,5,112,,,,0,6,0,,,2,3,2,4,0,0,10,0,0,,,26,1,15,1,2,27,0,,0,12,4,0,6,0,0,1
,Eemsmond,7,2,0,9,17,38,,,,9,0,4,0,37,3,,1,0,,,2,,148,4,5,0,0,4,,2,13,7,,,,72,20,0,,,1,2,42,6,15,4,3,1,1,,,11,0,2,1,22,1,11,,0,0,2,2,0,46,5,10
,Emmen,37,3,1,3,94,5,,,,2,219,519,0,6,1,0,,0,,,7,,342,2,2,1,2,106,,0,8,56,,,,0,2,1,,,24,51,28,18,12,18,4,12,1,,,9,94,8,1,12,7,24,,1,1,11,142,3,0,16,4
,Ferwerderadiel,0,15,8,0,0,0,,,,0,0,0,15,0,66,0,0,,,,2,,19,0,0,5,4,0,,2,5,108,,,,1,0,0,,,0,8,0,1,0,0,7,0,0,,,7,0,6,0,0,15,0,,3,41,0,0,2,0,0,0
,Franekeradeel,,,,,,,,,,,,,,,,,,,,,,,,,,,,,,,,,,,,,,,,,,,,,,,,,,,,,,,,,,,,,,,,,,,
,De Friese Meren,,,,,,,,,,,,,,,,,,,,,,,,,,,,,,,,,,,,,,,,,,,,,,,,,,,,,,,,,,,,,,,,,,,
,De Fryske Marren,4,9,1,0,13,0,,,,0,4,1,9,2,7,1,10,4,,,,,164,1,1,7,286,0,,3,0,164,,,,0,1,4,,,5,6,0,3,2,11,39,1,0,,,43,1,294,6,5,26,0,,0,28,9,4,33,0,0,4
,Gaasterlân-Sleat,,,,,,,,,,,,,,,,,,,,,,,,,,,,,,,,,,,,,,,,,,,,,,,,,,,,,,,,,,,,,,,,,,,
,Groningen,235,44,13,62,580,196,,,,191,96,68,22,141,30,117,252,10,,,115,,,76,811,28,166,113,,24,363,379,,,,114,93,95,,,83,141,780,470,229,75,90,41,8,,,222,101,202,12,875,57,218,,10,71,56,64,32,223,54,359
,Grootegast,3,68,1,0,11,0,,,,1,2,0,0,5,2,12,6,0,,,4,,69,,0,0,2,1,,5,39,16,,,,1,1,76,,,0,0,9,27,4,14,18,1,0,,,35,0,0,0,5,4,1,,0,3,0,2,1,0,0,52
,Haren,10,2,1,0,33,11,,,,3,3,1,0,2,1,6,8,0,,,5,,461,0,,1,5,6,,1,8,14,,,,4,2,6,,,4,2,52,19,5,2,6,2,2,,,6,6,3,0,110,0,3,,0,1,2,1,1,12,0,17
,Harlingen,0,9,2,0,2,0,,,,0,1,0,3,0,1,0,2,1,,,8,,36,0,2,,19,0,,4,2,114,,,,0,2,0,,,5,0,2,2,2,0,2,0,0,,,4,0,83,24,2,3,0,,11,109,1,1,4,0,0,0
,Heerenveen,1,5,4,0,14,0,,,,1,1,10,4,3,12,2,4,8,,,292,,171,13,7,8,,4,,6,5,270,,,,1,2,7,,,13,9,7,4,2,52,219,0,0,,,125,1,119,7,5,19,3,,3,30,15,3,157,2,4,0
,Hoogeveen,15,0,0,1,87,0,,,,0,17,132,4,5,0,0,123,0,,,3,,149,4,4,0,12,,,2,2,16,,,,0,1,3,,,76,97,21,7,3,8,0,3,0,,,10,4,7,1,9,1,3,,0,7,23,8,7,2,248,8
,Hoogezand-Sappemeer,,,,,,,,,,,,,,,,,,,,,,,,,,,,,,,,,,,,,,,,,,,,,,,,,,,,,,,,,,,,,,,,,,,
,Kollumerland en Nieuwkruisland,1,84,0,0,2,4,,,,0,0,1,95,0,59,0,0,6,,,4,,37,10,0,0,13,1,,,6,63,,,,0,9,2,,,0,0,5,1,2,5,6,0,0,,,17,0,9,0,1,42,0,,0,9,1,0,0,0,0,23
,Leek,10,1,0,1,28,0,,,,5,4,0,0,6,0,4,2,1,,,0,,313,49,14,1,2,3,,1,,24,,,,3,1,107,,,1,5,36,149,8,10,13,5,2,,,16,4,5,4,22,6,8,,0,3,1,1,2,8,4,55
,Leeuwarden,10,84,49,6,45,2,,,,1,3,11,62,11,74,7,43,75,,,114,,459,9,12,87,323,14,,36,15,,,,,6,10,10,,,15,16,24,46,22,44,102,6,4,,,218,13,401,42,25,462,13,,18,614,31,16,65,7,22,15
,Leeuwarderadeel,,,,,,,,,,,,,,,,,,,,,,,,,,,,,,,,,,,,,,,,,,,,,,,,,,,,,,,,,,,,,,,,,,,
,Lemsterland,,,,,,,,,,,,,,,,,,,,,,,,,,,,,,,,,,,,,,,,,,,,,,,,,,,,,,,,,,,,,,,,,,,
,Littenseradiel,,,,,,,,,,,,,,,,,,,,,,,,,,,,,,,,,,,,,,,,,,,,,,,,,,,,,,,,,,,,,,,,,,,
,Loppersum,14,0,1,68,5,33,,,,20,7,0,1,48,1,49,4,0,,,0,,124,3,7,0,1,3,,0,9,7,,,,,7,1,,,1,4,20,5,14,1,2,2,0,,,1,3,6,1,13,0,12,,0,1,0,6,0,35,0,0
,De Marne,7,1,0,4,17,4,,,,4,5,4,1,6,4,42,4,0,,,0,,89,4,4,4,1,1,,8,10,8,,,,10,,1,,,0,0,13,10,7,6,1,1,0,,,2,1,2,2,5,3,2,,0,0,0,6,1,80,0,18
,Marum,8,13,0,1,11,1,,,,2,1,1,2,2,4,0,1,0,,,0,,87,59,0,0,11,3,,17,114,17,,,,0,1,,,,0,0,11,31,1,21,16,0,0,,,52,0,1,1,11,3,1,,0,0,1,0,0,0,3,12
,Menameradiel,,,,,,,,,,,,,,,,,,,,,,,,,,,,,,,,,,,,,,,,,,,,,,,,,,,,,,,,,,,,,,,,,,,
,Menterwolde,,,,,,,,,,,,,,,,,,,,,,,,,,,,,,,,,,,,,,,,,,,,,,,,,,,,,,,,,,,,,,,,,,,
,Meppel,1,0,1,0,16,2,,,,0,3,2,0,0,0,0,28,0,,,1,,104,0,2,0,16,66,,0,1,18,,,,1,1,0,,,,10,5,5,2,0,1,4,0,,,1,0,9,0,2,6,0,,0,1,107,1,10,0,166,0
,Midden-Drenthe,41,2,0,2,379,2,,,,0,26,80,3,5,4,0,40,0,,,4,,192,1,9,0,7,119,,1,3,13,,,,2,5,2,,,18,,12,15,5,46,3,2,0,,,2,7,4,0,26,1,8,,0,1,49,7,2,0,27,8
,Midden-Groningen,48,6,4,59,96,9,,,,34,19,7,0,114,4,7,18,0,,,6,,682,6,56,1,5,7,,3,29,20,,,,29,9,10,,,4,23,,29,172,18,1,31,0,,,33,47,3,4,90,4,305,,1,3,12,40,1,8,4,16
,Noordenveld,18,6,2,1,139,3,,,,5,13,19,0,14,3,7,19,0,,,12,,417,15,21,0,11,28,,3,136,33,,,,2,10,20,,,7,13,39,,15,69,10,3,3,,,51,7,16,2,78,4,11,,0,20,11,11,6,7,4,24
,Oldambt,8,3,3,14,45,6,,,,4,23,1,0,53,5,8,26,1,,,7,,210,8,11,1,0,7,,0,8,21,,,,3,3,1,,,1,11,136,23,,2,2,111,0,,,7,62,3,3,33,3,83,,1,6,7,178,4,2,1,8
,Ooststellingwerf,5,12,3,0,100,0,,,,2,3,2,4,2,2,0,11,0,,,10,,117,1,6,0,61,11,,4,26,36,,,,0,1,5,,,9,35,8,40,5,,68,0,0,,,65,7,16,2,10,23,12,,1,6,42,6,54,0,6,5
,Opsterland,7,20,2,1,6,6,,,,5,2,9,8,6,4,3,2,1,,,49,,101,17,5,5,208,4,,7,12,91,,,,1,1,34,,,1,6,1,9,5,105,,0,0,,,329,0,28,0,1,36,2,,0,16,15,1,25,1,0,4
,Pekela,13,3,1,6,8,2,,,,1,16,1,0,10,0,2,12,0,,,1,,49,1,0,0,2,1,,0,0,3,,,,0,0,0,,,0,0,27,2,138,1,1,,0,,,1,76,5,1,6,1,78,,0,0,0,57,1,0,0,2
,Schiermonnikoog,0,1,0,0,5,2,,,,1,0,0,1,0,3,1,2,0,,,0,,6,0,0,0,1,0,,0,0,5,,,,0,2,2,,,0,0,1,0,1,0,0,0,,,,2,0,0,0,0,0,0,,0,1,0,0,1,0,1,3
,Skarsterlân,,,,,,,,,,,,,,,,,,,,,,,,,,,,,,,,,,,,,,,,,,,,,,,,,,,,,,,,,,,,,,,,,,,
,Slochteren,,,,,,,,,,,,,,,,,,,,,,,,,,,,,,,,,,,,,,,,,,,,,,,,,,,,,,,,,,,,,,,,,,,
,Smallingerland,4,159,4,0,19,0,,,,4,3,8,26,5,23,2,13,8,,,28,,287,19,9,7,108,11,,19,27,243,,,,2,1,17,,,15,3,16,23,6,81,370,0,1,,,,2,81,4,10,114,11,,3,35,16,11,34,2,3,16
,Stadskanaal,78,5,0,1,67,1,,,,1,254,23,0,27,2,4,116,1,,,1,,176,0,6,0,9,22,,0,7,18,,,,8,1,3,,,5,10,35,4,52,6,2,44,0,,,4,,11,3,27,10,63,,0,3,0,165,1,2,2,3
,Súdwest-Fryslân,2,12,1,0,7,0,,,,0,1,5,11,2,14,0,11,7,,,267,,266,1,2,83,155,12,,4,3,464,,,,4,1,2,,,9,5,4,8,3,17,48,2,0,,,41,0,,26,4,30,7,,9,163,10,8,31,3,1,4
,Terschelling,0,3,4,0,6,1,,,,0,1,0,2,1,2,0,0,0,,,4,,13,0,0,16,2,0,,1,2,42,,,,1,5,2,,,0,0,3,1,4,1,1,0,0,,,4,0,25,,3,1,2,,0,18,3,0,0,0,1,3
,Tynaarlo,163,6,3,2,142,2,,,,6,15,6,0,9,2,4,13,0,,,1,,644,9,106,0,5,11,,5,16,29,,,,3,5,10,,,12,23,87,104,18,18,6,8,0,,,11,11,9,0,,3,37,,0,5,3,7,1,6,3,12
,Tytsjerksteradiel,0,93,3,0,7,0,,,,0,4,0,117,3,36,0,6,10,,,22,,79,3,4,9,35,8,,40,18,384,,,,0,2,0,,,10,3,10,1,3,16,32,0,0,,,159,2,41,2,4,,0,,0,56,0,2,8,0,0,10
,Veendam,51,0,3,5,39,5,,,,2,14,4,0,17,1,3,31,0,,,2,,217,5,13,0,6,6,,0,4,20,,,,9,1,2,,,1,8,219,2,119,9,1,85,1,,,5,86,0,2,24,1,,,0,1,1,42,0,3,1,6
,Vlagtwedde,,,,,,,,,,,,,,,,,,,,,,,,,,,,,,,,,,,,,,,,,,,,,,,,,,,,,,,,,,,,,,,,,,,
,Vlieland,0,2,1,0,5,0,,,,0,0,0,2,1,0,0,0,1,,,0,,12,0,1,5,3,0,,0,0,30,,,,0,0,0,,,0,0,2,1,0,2,3,1,0,,,6,1,3,1,0,1,0,,,3,0,0,0,0,0,0
,Waadhoeke,1,12,1,0,3,0,,,,0,5,2,23,1,17,0,3,26,,,33,,94,6,1,157,41,1,,7,7,715,,,,0,0,1,,,2,6,2,0,2,10,18,0,2,,,31,4,202,7,3,47,1,,4,,3,4,8,1,3,1
,Westerveld,10,0,2,0,43,0,,,,0,3,4,0,0,0,0,8,5,,,6,,63,0,3,1,16,32,,0,4,17,,,,0,5,0,,,117,39,2,6,1,39,7,1,0,,,11,1,6,3,5,7,0,,1,2,,3,44,0,44,0
,Westerwolde,8,4,0,4,201,2,,,,2,56,218,6,128,5,10,197,1,,,56,,128,10,6,0,18,168,,5,5,26,,,,0,9,4,,,6,14,51,12,213,3,8,47,0,,,86,212,112,0,16,8,34,,0,151,2,,0,9,10,14
,Weststellingwerf,0,16,0,0,7,0,,,,0,1,0,2,5,7,0,6,2,,,24,,43,0,3,4,110,4,,0,3,52,,,,0,1,1,,,24,12,2,3,3,32,16,1,0,,,22,2,22,0,1,2,0,,0,4,66,0,,1,8,1
,Winsum,13,1,2,15,25,24,,,,6,5,0,3,9,6,47,0,0,,,0,,184,3,6,1,0,2,,0,8,5,,,,13,71,0,,,2,5,17,17,4,0,0,0,2,,,2,0,3,0,13,0,3,,0,1,0,0,0,,0,22
,De Wolden,0,0,0,0,9,0,,,,0,4,11,0,0,1,0,12,0,,,2,,45,1,1,0,0,196,,1,3,7,,,,0,0,0,,,155,26,0,4,2,1,0,0,0,,,0,1,0,1,1,2,0,,0,0,57,3,4,1,,3
,Zuidhorn,6,22,0,2,16,5,,,,4,2,4,0,5,2,6,2,0,,,1,,261,72,30,0,10,14,,22,57,18,,,,7,18,20,,,5,5,17,25,6,4,2,0,4,,,9,2,0,6,15,2,5,,0,8,0,2,2,17,0,